Channel,User,Ts,Year,Month,Day,Hour,Minute,Second
announcements,U2WQ03HBJ,1478253134.000002,70,0,0,3,37,33
announcements,U2WQ03HBJ,1478253135.000003,70,0,0,3,37,33
announcements,U2WT4FWU8,1478253135.000004,70,0,0,3,37,33
announcements,U2Y7DH19U,1478253135.000005,70,0,0,3,37,33
announcements,U2Y7A9163,1478253135.000006,70,0,0,3,37,33
announcements,U2WQZKASV,1478253135.000007,70,0,0,3,37,33
announcements,U2XFGAC57,1478253135.000008,70,0,0,3,37,33
announcements,U2Y7DH19U,1478550277.000002,70,0,0,3,42,30
announcements,U2WT4FWU8,1478613171.000002,70,0,0,3,43,33
announcements,U2WQ03HBJ,1478613209.000003,70,0,0,3,43,33
announcements,U2WT4FWU8,1478613234.000004,70,0,0,3,43,33
announcements,U2XFGAC57,1478684379.000002,70,0,0,3,44,44
announcements,U2WT4FWU8,1478684622.000003,70,0,0,3,44,44
announcements,U2XFGAC57,1478684754.000004,70,0,0,3,44,44
announcements,U2Y7DH19U,1478810646.000002,70,0,0,3,46,50
announcements,U2Y7DH19U,1479204018.000002,70,0,0,3,53,24
announcements,U2WT4FWU8,1479207618.000002,70,0,0,3,53,27
announcements,U2Y7DH19U,1479208580.000003,70,0,0,3,53,28
announcements,U2WT4FWU8,1479208620.000004,70,0,0,3,53,28
announcements,U2Y7DH19U,1479208662.000005,70,0,0,3,53,28
announcements,U2XFGAC57,1479280461.000002,70,0,0,3,54,40
announcements,U2Y7DH19U,1479388316.000002,70,0,0,3,56,28
announcements,U2WQ03HBJ,1479388509.000003,70,0,0,3,56,28
announcements,U2XFGAC57,1479395187.000002,70,0,0,3,56,35
announcements,U2XFGAC57,1479395257.000003,70,0,0,3,56,35
announcements,U2WQZKASV,1479420539.000002,70,0,0,3,57,0
announcements,U2Y7A9163,1479671072.000002,70,0,0,4,1,11
announcements,U2Y7DH19U,1479717835.000002,70,0,0,4,1,57
announcements,U2XFGAC57,1479721685.000002,70,0,0,4,2,1
announcements,U2WT4FWU8,1479721848.000003,70,0,0,4,2,1
announcements,U2Y7DH19U,1479722440.000004,70,0,0,4,2,2
announcements,U2Y7DH19U,1479731520.000005,70,0,0,4,2,11
announcements,U2XFGAC57,1479742664.000006,70,0,0,4,2,22
announcements,U2Y7DH19U,1479799716.000002,70,0,0,4,3,19
announcements,U2XFGAC57,1479801957.000003,70,0,0,4,3,21
announcements,U2XFGAC57,1479802048.000004,70,0,0,4,3,22
announcements,U2Y7DH19U,1479807756.000005,70,0,0,4,3,27
announcements,U2Y7DH19U,1479807930.000006,70,0,0,4,3,27
announcements,null,1479808801.000007,70,0,0,4,3,28
announcements,U2WQ03HBJ,1479812391.000008,70,0,0,4,3,32
announcements,U2WQ03HBJ,1479812494.000009,70,0,0,4,3,32
announcements,U2WQ03HBJ,1479812623.000010,70,0,0,4,3,32
announcements,U2XFGAC57,1479818100.000011,70,0,0,4,3,38
announcements,U2XFGAC57,1479818108.000012,70,0,0,4,3,38
announcements,U2XFGAC57,1479818123.000013,70,0,0,4,3,38
announcements,U2XFGAC57,1479818141.000014,70,0,0,4,3,38
announcements,U2XFGAC57,1479818293.000015,70,0,0,4,3,38
announcements,U2Y7DH19U,1479818774.000016,70,0,0,4,3,38
announcements,U2Y7DH19U,1479818839.000018,70,0,0,4,3,38
announcements,U2Y7DH19U,1479818881.000019,70,0,0,4,3,38
announcements,U2Y7DH19U,1479818927.000020,70,0,0,4,3,38
announcements,U2Y7DH19U,1479818963.000021,70,0,0,4,3,38
announcements,U2XFGAC57,1479818980.000022,70,0,0,4,3,38
announcements,U2XFGAC57,1479819006.000023,70,0,0,4,3,39
announcements,U2Y7DH19U,1479819028.000024,70,0,0,4,3,39
announcements,U2XFGAC57,1479819040.000025,70,0,0,4,3,39
announcements,U2WT4FWU8,1479819053.000026,70,0,0,4,3,39
announcements,U2XFGAC57,1479819082.000027,70,0,0,4,3,39
announcements,U2Y7DH19U,1479819115.000028,70,0,0,4,3,39
announcements,U2XFGAC57,1479819126.000029,70,0,0,4,3,39
announcements,U2XFGAC57,1479819133.000030,70,0,0,4,3,39
announcements,U2XFGAC57,1479819144.000031,70,0,0,4,3,39
announcements,U2Y7DH19U,1479819170.000032,70,0,0,4,3,39
announcements,U2XFGAC57,1479819184.000033,70,0,0,4,3,39
announcements,U2XFGAC57,1479819198.000034,70,0,0,4,3,39
announcements,U2Y7DH19U,1479819264.000035,70,0,0,4,3,39
announcements,U2XFGAC57,1479819341.000036,70,0,0,4,3,39
announcements,U2XFGAC57,1479819467.000037,70,0,0,4,3,39
announcements,U2Y7DH19U,1479821659.000038,70,0,0,4,3,41
announcements,U2WQ03HBJ,1479822352.000043,70,0,0,4,3,42
announcements,U2XFGAC57,1479822472.000044,70,0,0,4,3,42
announcements,U2XFGAC57,1479822477.000045,70,0,0,4,3,42
announcements,U2XFGAC57,1479822527.000046,70,0,0,4,3,42
announcements,U2Y7DH19U,1479825154.000047,70,0,0,4,3,45
announcements,U2XFGAC57,1479972363.000002,70,0,0,4,6,12
announcements,U2XFGAC57,1479972414.000003,70,0,0,4,6,12
announcements,U2Y7DH19U,1479973552.000004,70,0,0,4,6,13
announcements,U2WQ03HBJ,1479977985.000005,70,0,0,4,6,17
announcements,U2WQ03HBJ,1479978064.000006,70,0,0,4,6,18
announcements,U2WQ03HBJ,1479978086.000007,70,0,0,4,6,18
announcements,U2WQ03HBJ,1479978153.000008,70,0,0,4,6,18
announcements,U2XFGAC57,1480058635.000002,70,0,0,4,7,38
announcements,U2Y7A9163,1480058670.000003,70,0,0,4,7,38
announcements,U2WT4FWU8,1480058711.000004,70,0,0,4,7,38
announcements,U2WQZKASV,1480058717.000005,70,0,0,4,7,38
announcements,U2Y7DH19U,1480359804.000002,70,0,0,4,12,39
announcements,U2XFGAC57,1481991303.000002,70,0,0,4,39,51
announcements,U2WQ03HBJ,1482408156.000002,70,0,0,4,46,48
announcements,U2WQ03HBJ,1482408191.000003,70,0,0,4,46,48
announcements,U2WQ03HBJ,1482408288.000004,70,0,0,4,46,48
announcements,U2WQ03HBJ,1483957164.000002,70,0,0,5,12,37
announcements,U2WT4FWU8,1483957556.000003,70,0,0,5,12,37
announcements,U2WQ03HBJ,1484815815.000002,70,0,0,5,26,55
announcements,U2WQ03HBJ,1484821906.000002,70,0,0,5,27,1
announcements,U7DET4PSP,1507288619.000069,70,0,0,11,41,28
announcements,U7DET4PSP,1507288688.000081,70,0,0,11,41,28
announcements,U7PUGSSMR,1509294011.000051,70,0,0,12,14,54
announcements,U7G52NFN2,1516112381.000532,70,0,0,14,8,32
branding,U7C2YBD7D,1508234417.000251,70,0,0,11,57,14
branding,U7DET4PSP,1508234418.000061,70,0,0,11,57,14
branding,U7D1PDTKQ,1508234418.000093,70,0,0,11,57,14
branding,U2WQ03HBJ,1508234418.000129,70,0,0,11,57,14
branding,U7CC9DP98,1508234418.000164,70,0,0,11,57,14
branding,U7G52NFN2,1508234418.000198,70,0,0,11,57,14
branding,U7C2YBD7D,1508247725.000437,70,0,0,11,57,27
branding,U7C2YBD7D,1508247828.000659,70,0,0,11,57,27
branding,U7C2YBD7D,1508247889.000254,70,0,0,11,57,27
branding,U7DET4PSP,1508262809.000039,70,0,0,11,57,42
branding,U7C2YBD7D,1508401730.000181,70,0,0,12,0,1
branding,U7BMUSDTJ,1508756737.000143,70,0,0,12,5,56
branding,U7PUGSSMR,1509294028.000094,70,0,0,12,14,54
branding,U7G52NFN2,1509697119.000110,70,0,0,12,21,37
branding,U7G52NFN2,1509704543.000067,70,0,0,12,21,44
branding,U7C2YBD7D,1509706376.000072,70,0,0,12,21,46
branding,U7C2YBD7D,1509706387.000231,70,0,0,12,21,46
branding,U7G52NFN2,1509706610.000356,70,0,0,12,21,46
branding,U7C2YBD7D,1509719273.000484,70,0,0,12,21,59
branding,U7G52NFN2,1509955814.000020,70,0,0,12,25,55
branding,U7C2YBD7D,1509981879.000028,70,0,0,12,26,21
branding,U7C2YBD7D,1509981898.000308,70,0,0,12,26,21
branding,U7C2YBD7D,1509981916.000816,70,0,0,12,26,21
branding,U7C2YBD7D,1509981986.000348,70,0,0,12,26,21
branding,U7BMUSDTJ,1510237518.000359,70,0,0,12,30,37
branding,U7G52NFN2,1510258359.000152,70,0,0,12,30,58
branding,U7C2YBD7D,1510310568.000260,70,0,0,12,31,50
branding,U2WQ03HBJ,1510310691.000174,70,0,0,12,31,50
branding,U2WQ03HBJ,1510310728.000155,70,0,0,12,31,50
branding,U2WQ03HBJ,1510310748.000203,70,0,0,12,31,50
branding,U7G52NFN2,1510310976.000178,70,0,0,12,31,50
branding,U7G52NFN2,1510312204.000263,70,0,0,12,31,52
branding,U2WQ03HBJ,1510312408.000060,70,0,0,12,31,52
branding,U7C2YBD7D,1510322492.000603,70,0,0,12,32,2
branding,U7C2YBD7D,1510322510.000531,70,0,0,12,32,2
branding,U7C2YBD7D,1510322586.000196,70,0,0,12,32,2
branding,U7G52NFN2,1511353417.000369,70,0,0,12,49,13
branding,U7DET4PSP,1511353517.000422,70,0,0,12,49,13
branding,U7C2YBD7D,1511353981.000113,70,0,0,12,49,13
branding,U7DET4PSP,1511367315.000301,70,0,0,12,49,27
branding,U7DET4PSP,1511367317.000074,70,0,0,12,49,27
branding,U7DET4PSP,1511367332.000464,70,0,0,12,49,27
branding,U7DET4PSP,1511367338.000458,70,0,0,12,49,27
branding,U7DET4PSP,1511367346.000222,70,0,0,12,49,27
branding,U7DET4PSP,1511367363.000179,70,0,0,12,49,27
branding,U7C2YBD7D,1511711267.000039,70,0,0,12,55,11
branding,U7C2YBD7D,1511712570.000032,70,0,0,12,55,12
branding,U7DET4PSP,1511718511.000037,70,0,0,12,55,18
branding,U2WQ03HBJ,1511733318.000047,70,0,0,12,55,33
branding,U2WQ03HBJ,1511733651.000041,70,0,0,12,55,33
branding,U2WQ03HBJ,1511734082.000037,70,0,0,12,55,34
branding,U7C2YBD7D,1511760450.000075,70,0,0,12,56,0
branding,U7C2YBD7D,1511761013.000133,70,0,0,12,56,1
branding,U2WQ03HBJ,1512131833.000185,70,0,0,13,2,11
branding,U2WQ03HBJ,1512131849.000285,70,0,0,13,2,11
branding,U2WQ03HBJ,1512131878.000062,70,0,0,13,2,11
branding,U2WQ03HBJ,1512131885.000378,70,0,0,13,2,11
branding,U7C2YBD7D,1512131961.000151,70,0,0,13,2,11
branding,U2WQ03HBJ,1512131974.000178,70,0,0,13,2,11
branding,U7DET4PSP,1512131987.000197,70,0,0,13,2,11
branding,U2WQ03HBJ,1512132033.000024,70,0,0,13,2,12
branding,U2WQ03HBJ,1512132061.000125,70,0,0,13,2,12
branding,U2WQ03HBJ,1512132106.000032,70,0,0,13,2,12
branding,U7DET4PSP,1512132584.000203,70,0,0,13,2,12
branding,U7C2YBD7D,1512136250.000532,70,0,0,13,2,16
branding,U7C2YBD7D,1512138116.000531,70,0,0,13,2,18
branding,U7C2YBD7D,1512138119.000314,70,0,0,13,2,18
branding,U7C2YBD7D,1512138217.000307,70,0,0,13,2,18
branding,U2WQ03HBJ,1512138264.000049,70,0,0,13,2,18
branding,U2WQ03HBJ,1512138289.000132,70,0,0,13,2,18
branding,U7C2YBD7D,1512140585.000099,70,0,0,13,2,20
branding,U2WQ03HBJ,1512142194.000496,70,0,0,13,2,22
branding,U2WQ03HBJ,1512142231.000818,70,0,0,13,2,22
branding,U7DET4PSP,1512155003.000469,70,0,0,13,2,35
branding,U7G52NFN2,1512308563.000001,70,0,0,13,5,8
branding,U7PUGSSMR,1512310467.000055,70,0,0,13,5,10
branding,U7C2YBD7D,1512311428.000075,70,0,0,13,5,11
branding,U7C2YBD7D,1512311445.000029,70,0,0,13,5,11
branding,U7BMUSDTJ,1512311486.000098,70,0,0,13,5,11
branding,U7C2YBD7D,1512311831.000029,70,0,0,13,5,11
branding,U7G52NFN2,1512312200.000073,70,0,0,13,5,12
branding,U7G52NFN2,1512312213.000029,70,0,0,13,5,12
branding,U7G52NFN2,1512312260.000022,70,0,0,13,5,12
branding,U7C2YBD7D,1512312674.000019,70,0,0,13,5,12
branding,U7C2YBD7D,1512312761.000080,70,0,0,13,5,12
branding,U7C2YBD7D,1512312788.000008,70,0,0,13,5,12
branding,U7G52NFN2,1512313489.000041,70,0,0,13,5,13
branding,U7G52NFN2,1512313527.000058,70,0,0,13,5,13
branding,U7G52NFN2,1512313618.000018,70,0,0,13,5,13
branding,U7G52NFN2,1512313666.000043,70,0,0,13,5,13
branding,U7G52NFN2,1512313671.000012,70,0,0,13,5,13
branding,U7DET4PSP,1512313728.000035,70,0,0,13,5,13
branding,U7DET4PSP,1512313861.000007,70,0,0,13,5,13
branding,U7DET4PSP,1512313924.000062,70,0,0,13,5,13
branding,U7DET4PSP,1512313931.000030,70,0,0,13,5,13
branding,U7DET4PSP,1512313937.000020,70,0,0,13,5,13
branding,U7C2YBD7D,1512314154.000077,70,0,0,13,5,14
branding,U7C2YBD7D,1512314164.000052,70,0,0,13,5,14
branding,U7DET4PSP,1512314238.000047,70,0,0,13,5,14
branding,U7G52NFN2,1512314282.000059,70,0,0,13,5,14
branding,U7G52NFN2,1512314639.000048,70,0,0,13,5,14
branding,U7G52NFN2,1512314645.000005,70,0,0,13,5,14
branding,U7PUGSSMR,1512318113.000052,70,0,0,13,5,18
branding,U7C2YBD7D,1512318526.000089,70,0,0,13,5,18
branding,U7C2YBD7D,1512318538.000063,70,0,0,13,5,18
branding,U7C2YBD7D,1512318539.000113,70,0,0,13,5,18
branding,U7C2YBD7D,1512318555.000076,70,0,0,13,5,18
branding,U7C2YBD7D,1512318575.000072,70,0,0,13,5,18
branding,U7G52NFN2,1512318594.000030,70,0,0,13,5,18
branding,U7DET4PSP,1512326330.000014,70,0,0,13,5,26
branding,U7G52NFN2,1512389451.000128,70,0,0,13,6,29
branding,U7G52NFN2,1512389456.000082,70,0,0,13,6,29
branding,U7DET4PSP,1512393773.000046,70,0,0,13,6,33
branding,U7DET4PSP,1512394094.000362,70,0,0,13,6,34
branding,U7G52NFN2,1512394377.000111,70,0,0,13,6,34
branding,U7DET4PSP,1512394536.000581,70,0,0,13,6,34
branding,U7PUGSSMR,1513100447.000619,70,0,0,13,18,20
branding,U7PUGSSMR,1513100545.000008,70,0,0,13,18,20
branding,U7PUGSSMR,1513100950.000414,70,0,0,13,18,20
branding,U7PUGSSMR,1513100994.000517,70,0,0,13,18,20
branding,U7C2YBD7D,1513101159.000153,70,0,0,13,18,21
branding,U7C2YBD7D,1513101234.000027,70,0,0,13,18,21
branding,U7C2YBD7D,1513101248.000013,70,0,0,13,18,21
branding,U7C2YBD7D,1513101269.000258,70,0,0,13,18,21
branding,U7PUGSSMR,1513103172.000366,70,0,0,13,18,23
branding,U7PUGSSMR,1513103225.000098,70,0,0,13,18,23
branding,U7C2YBD7D,1513103493.000304,70,0,0,13,18,23
branding,U7PUGSSMR,1513105156.000074,70,0,0,13,18,25
branding,U7G52NFN2,1513107769.000458,70,0,0,13,18,27
branding,U7G52NFN2,1513107792.000404,70,0,0,13,18,27
branding,U7PUGSSMR,1513108000.000034,70,0,0,13,18,28
branding,U7PUGSSMR,1513108043.000159,70,0,0,13,18,28
branding,U7C2YBD7D,1513108066.000583,70,0,0,13,18,28
branding,U7G52NFN2,1513108076.000540,70,0,0,13,18,28
branding,U7PUGSSMR,1513108241.000371,70,0,0,13,18,28
branding,U7DET4PSP,1513108521.000287,70,0,0,13,18,28
branding,U7DET4PSP,1513108581.000359,70,0,0,13,18,28
branding,U7DET4PSP,1513108697.000315,70,0,0,13,18,28
branding,U7PUGSSMR,1513108795.000069,70,0,0,13,18,28
branding,U7PUGSSMR,1513108814.000385,70,0,0,13,18,28
branding,U7PUGSSMR,1515240668.000055,70,0,0,13,54,0
branding,U7CC9DP98,1515346877.000035,70,0,0,13,55,46
branding,U7C2YBD7D,1515665012.000007,70,0,0,14,1,5
branding,U7PUGSSMR,1515854860.000126,70,0,0,14,4,14
branding,null,1515854983.000032,70,0,0,14,4,14
branding,null,1515855221.000051,70,0,0,14,4,15
branding,U7C2YBD7D,1515855240.000098,70,0,0,14,4,15
branding,U7C2YBD7D,1515855244.000047,70,0,0,14,4,15
branding,U7PUGSSMR,1515856479.000084,70,0,0,14,4,16
branding,U7DET4PSP,1515857359.000124,70,0,0,14,4,17
branding,U7DET4PSP,1515857459.000103,70,0,0,14,4,17
branding,U7BMUSDTJ,1515859998.000056,70,0,0,14,4,19
branding,U7BMUSDTJ,1515860022.000004,70,0,0,14,4,20
branding,U7PUGSSMR,1515860159.000027,70,0,0,14,4,20
branding,U7DET4PSP,1515860322.000044,70,0,0,14,4,20
branding,U7DET4PSP,1515860328.000115,70,0,0,14,4,20
branding,U7DET4PSP,1515860338.000085,70,0,0,14,4,20
branding,U7DET4PSP,1515860364.000121,70,0,0,14,4,20
branding,U7DET4PSP,1515860376.000022,70,0,0,14,4,20
branding,U7C2YBD7D,1516048646.000306,70,0,0,14,7,28
branding,U2WQ03HBJ,1516610388.000034,70,0,0,14,16,50
branding,U2WQ03HBJ,1516610499.000282,70,0,0,14,16,50
branding,U7C2YBD7D,1516610513.000031,70,0,0,14,16,50
branding,U2WQ03HBJ,1516610526.000119,70,0,0,14,16,50
branding,U7C2YBD7D,1516610541.000432,70,0,0,14,16,50
branding,U7PUGSSMR,1516645245.000366,70,0,0,14,17,25
branding,U7PUGSSMR,1516645284.000832,70,0,0,14,17,25
branding,U7G52NFN2,1516645370.000184,70,0,0,14,17,25
branding,U7PUGSSMR,1516645504.000541,70,0,0,14,17,25
branding,U7C2YBD7D,1516645569.000237,70,0,0,14,17,25
branding,U7PUGSSMR,1516645694.000492,70,0,0,14,17,25
branding,U7G52NFN2,1516645891.000356,70,0,0,14,17,25
branding,U7PUGSSMR,1516646061.000394,70,0,0,14,17,26
branding,U7G52NFN2,1517145582.000065,70,0,0,14,25,45
branding,U7PUGSSMR,1517157890.000005,70,0,0,14,25,57
branding,U7G52NFN2,1517157986.000039,70,0,0,14,25,57
branding,U7PUGSSMR,1517158636.000007,70,0,0,14,25,58
branding,U7PUGSSMR,1517158672.000057,70,0,0,14,25,58
branding,U7G52NFN2,1517159188.000097,70,0,0,14,25,59
branding,U7G52NFN2,1517159205.000047,70,0,0,14,25,59
branding,U7PUGSSMR,1517159549.000051,70,0,0,14,25,59
branding,U7C2YBD7D,1517159854.000008,70,0,0,14,25,59
branding,U7PUGSSMR,1517159874.000002,70,0,0,14,25,59
branding,U7C2YBD7D,1517159879.000092,70,0,0,14,25,59
branding,U7C2YBD7D,1517159891.000109,70,0,0,14,25,59
branding,U7C2YBD7D,1517159903.000039,70,0,0,14,25,59
branding,U7C2YBD7D,1517159954.000002,70,0,0,14,25,59
branding,U7PUGSSMR,1517160046.000006,70,0,0,14,26,0
branding,U7CC9DP98,1517166970.000146,70,0,0,14,26,6
branding,U7C2YBD7D,1517331167.000157,70,0,0,14,28,51
branding,U7C2YBD7D,1517331502.000103,70,0,0,14,28,51
branding,U7G52NFN2,1517335080.000209,70,0,0,14,28,55
branding,U7PUGSSMR,1517341730.000402,70,0,0,14,29,1
branding,U7PUGSSMR,1517835109.000392,70,0,0,14,37,15
branding,U7PUGSSMR,1517835138.000397,70,0,0,14,37,15
branding,U7DET4PSP,1517853555.000011,70,0,0,14,37,33
branding,U7PUGSSMR,1517853795.000040,70,0,0,14,37,33
conference-flow,U7C2YBD7D,1517859908.000131,70,0,0,14,37,39
conference-flow,U7C2YBD7D,1517859908.000535,70,0,0,14,37,39
conference-flow,U7G52NFN2,1517859908.000736,70,0,0,14,37,39
conference-flow,U7DET4PSP,1517859909.000110,70,0,0,14,37,39
conference-flow,U7BS22HB3,1517860051.000227,70,0,0,14,37,40
conference-flow,U7C2YBD7D,1517860054.000026,70,0,0,14,37,40
conference-flow,U7C2YBD7D,1517860058.000559,70,0,0,14,37,40
conference-flow,U7DET4PSP,1517860125.000309,70,0,0,14,37,40
conference-flow,U7C2YBD7D,1517860138.000609,70,0,0,14,37,40
conference-flow,U7C2YBD7D,1517860189.000410,70,0,0,14,37,40
conference-flow,U7C2YBD7D,1517860364.000654,70,0,0,14,37,40
conference-flow,U7DET4PSP,1517860487.000406,70,0,0,14,37,40
conference-flow,U7C2YBD7D,1517860609.000466,70,0,0,14,37,40
conference-flow,U7DET4PSP,1517860670.000045,70,0,0,14,37,40
conference-flow,U7C2YBD7D,1517860820.000520,70,0,0,14,37,40
conference-flow,U7C2YBD7D,1517860878.000538,70,0,0,14,37,40
conference-flow,U7C2YBD7D,1517860934.000659,70,0,0,14,37,40
demoday,U7C2YBD7D,1513025169.000003,70,0,0,13,17,5
demoday,U7G52NFN2,1513025169.000425,70,0,0,13,17,5
demoday,U7DET4PSP,1513025169.000459,70,0,0,13,17,5
demoday,U2WQ03HBJ,1513025169.000489,70,0,0,13,17,5
demoday,U7C2YBD7D,1513025187.000764,70,0,0,13,17,5
demoday,U7C2YBD7D,1513025253.000270,70,0,0,13,17,5
demoday,U7C2YBD7D,1513025436.000501,70,0,0,13,17,5
demoday,U7C2YBD7D,1513025563.000227,70,0,0,13,17,5
demoday,U7C2YBD7D,1513025666.000339,70,0,0,13,17,5
demoday,U7C2YBD7D,1513025677.000165,70,0,0,13,17,5
demoday,U7C2YBD7D,1513025873.000237,70,0,0,13,17,5
demoday,U7G52NFN2,1513064703.000238,70,0,0,13,17,44
demoday,U7DET4PSP,1513093499.000458,70,0,0,13,18,13
demoday,U7DET4PSP,1513093564.000005,70,0,0,13,18,13
demoday,U7DET4PSP,1513093567.000534,70,0,0,13,18,13
demoday,U7DET4PSP,1513093652.000682,70,0,0,13,18,13
demoday,U7PUGSSMR,1513105367.000500,70,0,0,13,18,25
demoday,U7C2YBD7D,1513105477.000539,70,0,0,13,18,25
demoday,U7C2YBD7D,1513105482.000367,70,0,0,13,18,25
demoday,U7C2YBD7D,1513105632.000752,70,0,0,13,18,25
demoday,U7PUGSSMR,1513106966.000042,70,0,0,13,18,26
demoday,U7G52NFN2,1513107506.000387,70,0,0,13,18,27
demoday,U7G52NFN2,1513107537.000283,70,0,0,13,18,27
demoday,U7DET4PSP,1513108239.000234,70,0,0,13,18,28
demoday,U7DET4PSP,1513108246.000185,70,0,0,13,18,28
demoday,U7DET4PSP,1513108250.000130,70,0,0,13,18,28
demoday,U2WQ03HBJ,1513109532.000116,70,0,0,13,18,29
demoday,U2WQ03HBJ,1513109613.000699,70,0,0,13,18,29
demoday,U2WQ03HBJ,1513109992.000570,70,0,0,13,18,29
demoday,U7C2YBD7D,1513110097.000401,70,0,0,13,18,30
demoday,U7BS22HB3,1513344818.000344,70,0,0,13,22,24
demoday,U7C2YBD7D,1513344822.000283,70,0,0,13,22,24
demoday,U7C2YBD7D,1513344867.000041,70,0,0,13,22,24
demoday,U7G52NFN2,1513348444.000320,70,0,0,13,22,28
demoday,U7C2YBD7D,1513348803.000238,70,0,0,13,22,28
demoday,U7DET4PSP,1513356961.000299,70,0,0,13,22,36
demoday,U7DET4PSP,1513356974.000723,70,0,0,13,22,36
demoday,U7DET4PSP,1513357182.000236,70,0,0,13,22,37
demoday,U7DET4PSP,1513357204.000430,70,0,0,13,22,37
demoday,U7DET4PSP,1513433575.000025,70,0,0,13,23,53
demoday,U7PUGSSMR,1513513287.000025,70,0,0,13,25,13
demoday,U7C2YBD7D,1513626252.000439,70,0,0,13,27,6
demoday,U7C2YBD7D,1513626256.000557,70,0,0,13,27,6
demoday,U7G52NFN2,1513627251.000124,70,0,0,13,27,7
demoday,U7DET4PSP,1513640465.000095,70,0,0,13,27,20
demoday,U7G52NFN2,1513666334.000114,70,0,0,13,27,46
demoday,U7C2YBD7D,1513666423.000208,70,0,0,13,27,46
demoday,U7G52NFN2,1513666837.000069,70,0,0,13,27,46
general,U2WQ03HBJ,1478168838.947131,70,0,0,3,36,8
general,U2WQZKASV,1478169095.000002,70,0,0,3,36,9
general,U2Y7A9163,1478169210.000003,70,0,0,3,36,9
general,U2Y7DH19U,1478170640.000004,70,0,0,3,36,10
general,U2WT4FWU8,1478180589.000005,70,0,0,3,36,20
general,U2XFGAC57,1478247699.000002,70,0,0,3,37,27
general,U2XFGAC57,1478676832.000002,70,0,0,3,44,36
general,U2XFGAC57,1478676868.000003,70,0,0,3,44,36
general,U2XFGAC57,1478676888.000004,70,0,0,3,44,36
general,U2XFGAC57,1478676935.000005,70,0,0,3,44,36
general,U2XFGAC57,1478677007.000006,70,0,0,3,44,37
general,U2XFGAC57,1478677030.000007,70,0,0,3,44,37
general,U2XFGAC57,1478677124.000008,70,0,0,3,44,37
general,U2XFGAC57,1478684604.000002,70,0,0,3,44,44
general,U2XFGAC57,1478684606.000003,70,0,0,3,44,44
general,U2XFGAC57,1478684614.000004,70,0,0,3,44,44
general,U2XFGAC57,1478769402.000002,70,0,0,3,46,9
general,U2XFGAC57,1478769418.000003,70,0,0,3,46,9
general,U2XFGAC57,1478769571.000005,70,0,0,3,46,9
general,U2XFGAC57,1478769588.000006,70,0,0,3,46,9
general,U2XFGAC57,1478769607.000007,70,0,0,3,46,9
general,U2WQ03HBJ,1478846959.000002,70,0,0,3,47,26
general,U2WQ03HBJ,1478847076.000003,70,0,0,3,47,27
general,U2Y7DH19U,1479204739.000002,70,0,0,3,53,24
general,U2WQ03HBJ,1479204841.000003,70,0,0,3,53,24
general,U2Y7DH19U,1479204900.000004,70,0,0,3,53,24
general,U2Y7DH19U,1479204937.000005,70,0,0,3,53,24
general,U35MB0RS7,1479822864.000002,70,0,0,4,3,42
general,U35S0KGF7,1479823524.000003,70,0,0,4,3,43
general,U35S0KGF7,1479823746.000004,70,0,0,4,3,43
general,U35S0KGF7,1479823809.000005,70,0,0,4,3,43
general,U2XFGAC57,1479823867.000007,70,0,0,4,3,43
general,U2XFGAC57,1479823882.000008,70,0,0,4,3,43
general,U35S0KGF7,1479824034.000009,70,0,0,4,3,44
general,U35S0KGF7,1479824098.000010,70,0,0,4,3,44
general,U2XFGAC57,1479824798.000011,70,0,0,4,3,44
general,U2XFGAC57,1479824804.000012,70,0,0,4,3,44
general,U2XFGAC57,1479824823.000013,70,0,0,4,3,44
general,U2XFGAC57,1479824833.000014,70,0,0,4,3,44
general,U35MB0RS7,1479824890.000015,70,0,0,4,3,44
general,U35S0KGF7,1479825456.000016,70,0,0,4,3,45
general,U35S0KGF7,1479825596.000017,70,0,0,4,3,45
general,U35S0KGF7,1479893531.000002,70,0,0,4,4,53
general,U2WQ03HBJ,1479893972.000004,70,0,0,4,4,53
general,U2WQ03HBJ,1479894027.000006,70,0,0,4,4,54
general,U35S0KGF7,1479894398.000007,70,0,0,4,4,54
general,U35S0KGF7,1479894557.000009,70,0,0,4,4,54
general,U35S0KGF7,1479894640.000010,70,0,0,4,4,54
general,U2WQ03HBJ,1479894816.000011,70,0,0,4,4,54
general,U35S0KGF7,1479894898.000012,70,0,0,4,4,54
general,U2WQ03HBJ,1479895084.000013,70,0,0,4,4,55
general,U35S0KGF7,1479895419.000014,70,0,0,4,4,55
general,U35S0KGF7,1479896058.000015,70,0,0,4,4,56
general,U35S0KGF7,1479896094.000016,70,0,0,4,4,56
general,U2WQ03HBJ,1479896170.000017,70,0,0,4,4,56
general,U2WQ03HBJ,1479896203.000018,70,0,0,4,4,56
general,U35S0KGF7,1479896232.000019,70,0,0,4,4,56
general,U2WQ03HBJ,1479896286.000020,70,0,0,4,4,56
general,U35MB0RS7,1479896306.000021,70,0,0,4,4,56
general,U2WQ03HBJ,1479896334.000022,70,0,0,4,4,56
general,U35MB0RS7,1480949974.000002,70,0,0,4,22,29
general,U35MB0RS7,1480949987.000004,70,0,0,4,22,29
general,U35MB0RS7,1480950025.000005,70,0,0,4,22,30
general,U35MB0RS7,1481089904.000002,70,0,0,4,24,49
general,U35S0KGF7,1485334827.000002,70,0,0,5,35,34
general,U2WQ03HBJ,1485335247.000003,70,0,0,5,35,35
general,U35S0KGF7,1485335662.000004,70,0,0,5,35,35
general,U2WQ03HBJ,1485536875.000002,70,0,0,5,38,56
general,U35MB0RS7,1485547807.000004,70,0,0,5,39,7
general,U35MB0RS7,1485547899.000005,70,0,0,5,39,7
general,U2WQ03HBJ,1485598895.000002,70,0,0,5,39,58
general,U7D1PDTKQ,1506970770.000597,70,0,0,11,36,10
general,U7C2YBD7D,1506971227.000158,70,0,0,11,36,11
general,U7BMUSDTJ,1507006599.000164,70,0,0,11,36,46
general,U7BS22HB3,1507009530.000120,70,0,0,11,36,49
general,U7CC9DP98,1507013030.000221,70,0,0,11,36,53
general,U7DET4PSP,1507151295.000655,70,0,0,11,39,11
general,U7G52NFN2,1507531283.000141,70,0,0,11,45,31
general,U2XFGAC57,1507533056.000239,70,0,0,11,45,33
general,U2XFGAC57,1507534126.000162,70,0,0,11,45,34
general,U2XFGAC57,1507534372.000155,70,0,0,11,45,34
general,U2XFGAC57,1507534621.000215,70,0,0,11,45,34
general,U7G52NFN2,1507537792.000164,70,0,0,11,45,37
general,U7BS22HB3,1507711987.000007,70,0,0,11,48,31
general,U7C2YBD7D,1507724930.000155,70,0,0,11,48,44
general,U2WQ03HBJ,1507726850.000598,70,0,0,11,48,46
general,U7BS22HB3,1507748269.000385,70,0,0,11,49,8
general,U7BS22HB3,1508061440.000028,70,0,0,11,54,21
general,U7C2YBD7D,1508096077.000034,70,0,0,11,54,56
general,U7DET4PSP,1508096133.000022,70,0,0,11,54,56
general,U7C2YBD7D,1508096143.000044,70,0,0,11,54,56
general,U7C2YBD7D,1508096162.000055,70,0,0,11,54,56
general,U7D1PDTKQ,1508135264.000249,70,0,0,11,55,35
general,U7C2YBD7D,1508137906.000052,70,0,0,11,55,37
general,U2WQ03HBJ,1508139054.000103,70,0,0,11,55,39
general,U2WQ03HBJ,1508139069.000080,70,0,0,11,55,39
general,U7C2YBD7D,1508158186.000149,70,0,0,11,55,58
general,U7C2YBD7D,1508158673.000360,70,0,0,11,55,58
general,U2WQ03HBJ,1508158709.000600,70,0,0,11,55,58
general,U7G52NFN2,1508180501.000518,70,0,0,11,56,20
general,U7CC9DP98,1508241266.000128,70,0,0,11,57,21
general,U7C2YBD7D,1508247517.000156,70,0,0,11,57,27
general,U7C2YBD7D,1508247596.000095,70,0,0,11,57,27
general,U35MB0RS7,1508250281.000296,70,0,0,11,57,30
general,U2WQ03HBJ,1508251883.000262,70,0,0,11,57,31
general,U2WQ03HBJ,1508251939.000379,70,0,0,11,57,31
general,U7C2YBD7D,1508315785.000187,70,0,0,11,58,35
general,U7C2YBD7D,1508315804.000099,70,0,0,11,58,35
general,U2WQ03HBJ,1508316268.000114,70,0,0,11,58,36
general,U2XFGAC57,1508330684.000354,70,0,0,11,58,50
general,U2XFGAC57,1508330766.000332,70,0,0,11,58,50
general,U2WQ03HBJ,1508330953.000199,70,0,0,11,58,50
general,U2XFGAC57,1508331070.000444,70,0,0,11,58,51
general,U2XFGAC57,1508331161.000318,70,0,0,11,58,51
general,U2XFGAC57,1508331184.000632,70,0,0,11,58,51
general,U2XFGAC57,1508331396.000250,70,0,0,11,58,51
general,U7C2YBD7D,1508401285.000402,70,0,0,12,0,1
general,U7C2YBD7D,1508401357.000306,70,0,0,12,0,1
general,U7C2YBD7D,1508401401.000052,70,0,0,12,0,1
general,U7CC9DP98,1508402334.000304,70,0,0,12,0,2
general,U7CC9DP98,1508402552.000255,70,0,0,12,0,2
general,U7C2YBD7D,1508403027.000312,70,0,0,12,0,3
general,U7C2YBD7D,1508441885.000635,70,0,0,12,0,41
general,U7DET4PSP,1508442346.000093,70,0,0,12,0,42
general,U7C2YBD7D,1508443710.000091,70,0,0,12,0,43
general,U7C2YBD7D,1508444606.000136,70,0,0,12,0,44
general,U7DET4PSP,1508445396.000039,70,0,0,12,0,45
general,U7C2YBD7D,1508446227.000528,70,0,0,12,0,46
general,U7D1PDTKQ,1508496350.000321,70,0,0,12,1,36
general,U7BMUSDTJ,1508502268.000287,70,0,0,12,1,42
general,U7DET4PSP,1508502793.000198,70,0,0,12,1,42
general,U2WQ03HBJ,1508515078.000446,70,0,0,12,1,55
general,U7G52NFN2,1508707265.000028,70,0,0,12,5,7
general,U7CC9DP98,1508741491.000219,70,0,0,12,5,41
general,U7CC9DP98,1508741581.000128,70,0,0,12,5,41
general,U7G52NFN2,1508760867.000311,70,0,0,12,6,0
general,U2WQ03HBJ,1508761095.000338,70,0,0,12,6,1
general,U2WQ03HBJ,1508761118.000239,70,0,0,12,6,1
general,U7C2YBD7D,1508771302.000435,70,0,0,12,6,11
general,U7DET4PSP,1508771478.000170,70,0,0,12,6,11
general,U7C2YBD7D,1508793325.000431,70,0,0,12,6,33
general,U7C2YBD7D,1508793475.000231,70,0,0,12,6,33
general,U7CC9DP98,1508835874.000038,70,0,0,12,7,15
general,U2WQ03HBJ,1508835955.000408,70,0,0,12,7,15
general,U2WQ03HBJ,1508835994.000382,70,0,0,12,7,15
general,U7CC9DP98,1508836148.000335,70,0,0,12,7,16
general,U2WQ03HBJ,1508836181.000145,70,0,0,12,7,16
general,U7CC9DP98,1508910216.000115,70,0,0,12,8,30
general,U7BS22HB3,1508910365.000199,70,0,0,12,8,30
general,U7G52NFN2,1508911006.000051,70,0,0,12,8,31
general,U7C2YBD7D,1508911047.000019,70,0,0,12,8,31
general,U7C2YBD7D,1508911114.000061,70,0,0,12,8,31
general,U7BS22HB3,1508911381.000080,70,0,0,12,8,31
general,U7BS22HB3,1508912774.000096,70,0,0,12,8,32
general,U7DET4PSP,1508914051.000103,70,0,0,12,8,34
general,U7BMUSDTJ,1508956802.000685,70,0,0,12,9,16
general,U7PUGSSMR,1508966906.000109,70,0,0,12,9,26
general,U7C2YBD7D,1509091086.000215,70,0,0,12,11,31
general,U7C2YBD7D,1509091097.000166,70,0,0,12,11,31
general,U7C2YBD7D,1509091132.000357,70,0,0,12,11,31
general,U7PUGSSMR,1509091434.000113,70,0,0,12,11,31
general,U7C2YBD7D,1509091631.000359,70,0,0,12,11,31
general,U7C2YBD7D,1509097713.000474,70,0,0,12,11,37
general,U7C2YBD7D,1509097731.000055,70,0,0,12,11,37
general,U7C2YBD7D,1509339728.000028,70,0,0,12,15,39
general,U7PUGSSMR,1509346556.000091,70,0,0,12,15,46
general,U7C2YBD7D,1509694219.000082,70,0,0,12,21,34
general,U7C2YBD7D,1509694222.000143,70,0,0,12,21,34
general,U7C2YBD7D,1509694224.000107,70,0,0,12,21,34
general,U7C2YBD7D,1509911175.000070,70,0,0,12,25,11
general,U2WQ03HBJ,1509953743.000042,70,0,0,12,25,53
general,U7C2YBD7D,1509982572.000435,70,0,0,12,26,22
general,U7C2YBD7D,1509982587.000010,70,0,0,12,26,22
general,U7PUGSSMR,1510559924.000161,70,0,0,12,35,59
general,U7DET4PSP,1510564555.000468,70,0,0,12,36,4
general,U7C2YBD7D,1511106928.000084,70,0,0,12,45,6
general,U7C2YBD7D,1511106931.000043,70,0,0,12,45,6
general,U7C2YBD7D,1511106973.000027,70,0,0,12,45,6
general,U7C2YBD7D,1511106975.000086,70,0,0,12,45,6
general,U7C2YBD7D,1511106982.000016,70,0,0,12,45,6
general,U7G52NFN2,1511113231.000032,70,0,0,12,45,13
general,U35S0KGF7,1511162019.000287,70,0,0,12,46,2
general,U7C2YBD7D,1511162341.000015,70,0,0,12,46,2
general,U7CC9DP98,1511359586.000267,70,0,0,12,49,19
general,U7G52NFN2,1511359713.000297,70,0,0,12,49,19
general,U7BMUSDTJ,1511360889.000416,70,0,0,12,49,20
general,U7DET4PSP,1511363455.000342,70,0,0,12,49,23
general,U7C2YBD7D,1511368123.000037,70,0,0,12,49,28
general,U7DET4PSP,1511368850.000526,70,0,0,12,49,28
general,U7DET4PSP,1511369689.000465,70,0,0,12,49,29
general,U7C2YBD7D,1511370298.000079,70,0,0,12,49,30
general,U7DET4PSP,1511370311.000647,70,0,0,12,49,30
general,U7C2YBD7D,1511443800.000061,70,0,0,12,50,43
general,U7G52NFN2,1511443840.000001,70,0,0,12,50,43
general,U7BMUSDTJ,1511443860.000243,70,0,0,12,50,43
general,U7C2YBD7D,1511443942.000535,70,0,0,12,50,43
general,U7C2YBD7D,1511443961.000021,70,0,0,12,50,43
general,U7C2YBD7D,1511444435.000182,70,0,0,12,50,44
general,U7C2YBD7D,1511444438.000109,70,0,0,12,50,44
general,U7C2YBD7D,1511444438.000152,70,0,0,12,50,44
general,U7G52NFN2,1511445722.000102,70,0,0,12,50,45
general,U7G52NFN2,1511445747.000290,70,0,0,12,50,45
general,U7DET4PSP,1511458782.000191,70,0,0,12,50,58
general,U7G52NFN2,1511520667.000157,70,0,0,12,52,0
general,U2WQ03HBJ,1511520680.000350,70,0,0,12,52,0
general,U7G52NFN2,1511520980.000188,70,0,0,12,52,0
general,U2WQ03HBJ,1511521703.000335,70,0,0,12,52,1
general,U7C2YBD7D,1511711167.000048,70,0,0,12,55,11
general,U7C2YBD7D,1511711170.000068,70,0,0,12,55,11
general,U7C2YBD7D,1511711205.000006,70,0,0,12,55,11
general,U7CC9DP98,1511788307.000174,70,0,0,12,56,28
general,U7C2YBD7D,1511804761.000636,70,0,0,12,56,44
general,U7C2YBD7D,1511804773.000322,70,0,0,12,56,44
general,U7C2YBD7D,1511851241.000074,70,0,0,12,57,31
general,U7CC9DP98,1511851449.000093,70,0,0,12,57,31
general,U7C2YBD7D,1511854288.000183,70,0,0,12,57,34
general,U2WQ03HBJ,1511854549.000324,70,0,0,12,57,34
general,U2WQ03HBJ,1511854716.000136,70,0,0,12,57,34
general,U7CC9DP98,1511891347.000207,70,0,0,12,58,11
general,U7C2YBD7D,1511891425.000855,70,0,0,12,58,11
general,U7C2YBD7D,1511891432.000384,70,0,0,12,58,11
general,U7C2YBD7D,1512052061.000551,70,0,0,13,0,52
general,U7DET4PSP,1512052643.000055,70,0,0,13,0,52
general,U7DET4PSP,1512052653.000304,70,0,0,13,0,52
general,U7C2YBD7D,1512052719.000181,70,0,0,13,0,52
general,U7DET4PSP,1512053234.000416,70,0,0,13,0,53
general,U35MB0RS7,1512061719.000298,70,0,0,13,1,1
general,U35MB0RS7,1512061728.000444,70,0,0,13,1,1
general,U35MB0RS7,1512061795.000664,70,0,0,13,1,1
general,U7CC9DP98,1512070954.000422,70,0,0,13,1,10
general,U7G52NFN2,1512370974.000163,70,0,0,13,6,10
general,U7PUGSSMR,1512371477.000025,70,0,0,13,6,11
general,U7C2YBD7D,1512407750.000012,70,0,0,13,6,47
general,U7C2YBD7D,1512407768.000224,70,0,0,13,6,47
general,U7C2YBD7D,1512407773.000655,70,0,0,13,6,47
general,U2WQ03HBJ,1512408228.000267,70,0,0,13,6,48
general,U2WQ03HBJ,1512408359.000647,70,0,0,13,6,48
general,U7C2YBD7D,1512408395.000012,70,0,0,13,6,48
general,U2WQ03HBJ,1512408404.000355,70,0,0,13,6,48
general,U7C2YBD7D,1512408414.000435,70,0,0,13,6,48
general,U7DET4PSP,1512411226.000343,70,0,0,13,6,51
general,U7G52NFN2,1512470784.000223,70,0,0,13,7,50
general,U7DET4PSP,1512474295.000440,70,0,0,13,7,54
general,U7DET4PSP,1512474315.000175,70,0,0,13,7,54
general,U7CC9DP98,1512479741.000141,70,0,0,13,7,59
general,U7G52NFN2,1512479782.000160,70,0,0,13,7,59
general,U7C2YBD7D,1512549804.000125,70,0,0,13,9,9
general,U7C2YBD7D,1512549915.000013,70,0,0,13,9,9
general,U7C2YBD7D,1512549953.000444,70,0,0,13,9,9
general,U7C2YBD7D,1512549972.000390,70,0,0,13,9,9
general,U7C2YBD7D,1512550042.000280,70,0,0,13,9,10
general,U7G52NFN2,1512550345.000061,70,0,0,13,9,10
general,U2WQ03HBJ,1512550423.000224,70,0,0,13,9,10
general,U2WQ03HBJ,1512550495.000055,70,0,0,13,9,10
general,U7C2YBD7D,1512550543.000178,70,0,0,13,9,10
general,U7C2YBD7D,1512550627.000483,70,0,0,13,9,10
general,U7C2YBD7D,1512550934.000367,70,0,0,13,9,10
general,U7C2YBD7D,1512550955.000319,70,0,0,13,9,10
general,U7C2YBD7D,1512661971.000052,70,0,0,13,11,1
general,U7G52NFN2,1512665616.000778,70,0,0,13,11,5
general,U7G52NFN2,1512665916.000499,70,0,0,13,11,5
general,U7C2YBD7D,1512668756.000511,70,0,0,13,11,8
general,U7DET4PSP,1512684202.000064,70,0,0,13,11,24
general,U7CC9DP98,1512720340.000293,70,0,0,13,12,0
general,U7C2YBD7D,1512728968.000142,70,0,0,13,12,8
general,U7C2YBD7D,1512728977.000337,70,0,0,13,12,8
general,U7DET4PSP,1512729078.000350,70,0,0,13,12,9
general,U7BMUSDTJ,1512729184.000235,70,0,0,13,12,9
general,U7C2YBD7D,1512752420.000668,70,0,0,13,12,32
general,U7DET4PSP,1512756170.000184,70,0,0,13,12,36
general,U7CC9DP98,1512976393.000012,70,0,0,13,16,16
general,U7C2YBD7D,1513017203.000031,70,0,0,13,16,57
general,U7C2YBD7D,1513017595.000172,70,0,0,13,16,57
general,U7C2YBD7D,1513019820.000501,70,0,0,13,16,59
general,U2WQ03HBJ,1513022365.000062,70,0,0,13,17,2
general,U7CC9DP98,1513060846.000037,70,0,0,13,17,40
general,U7CC9DP98,1513060960.000186,70,0,0,13,17,40
general,U7C2YBD7D,1513062909.000064,70,0,0,13,17,42
general,U7C2YBD7D,1513066350.000095,70,0,0,13,17,46
general,U7C2YBD7D,1513066364.000196,70,0,0,13,17,46
general,U2WQ03HBJ,1513069286.000426,70,0,0,13,17,49
general,U7CC9DP98,1513102830.000025,70,0,0,13,18,22
general,U7C2YBD7D,1513103958.000147,70,0,0,13,18,23
general,U7C2YBD7D,1513104000.000298,70,0,0,13,18,24
general,U7C2YBD7D,1513104203.000271,70,0,0,13,18,24
general,U7DET4PSP,1513105396.000226,70,0,0,13,18,25
general,U7CC9DP98,1513107433.000268,70,0,0,13,18,27
general,U7BS22HB3,1513144831.000165,70,0,0,13,19,4
general,U7CC9DP98,1513144991.000062,70,0,0,13,19,4
general,U7BS22HB3,1513145481.000034,70,0,0,13,19,5
general,U7CC9DP98,1513145591.000098,70,0,0,13,19,5
general,U7BS22HB3,1513145746.000062,70,0,0,13,19,5
general,U7C2YBD7D,1513321789.000068,70,0,0,13,22,1
general,U7G52NFN2,1513321859.000209,70,0,0,13,22,1
general,U7C2YBD7D,1513344453.000297,70,0,0,13,22,24
general,U7C2YBD7D,1513344650.000277,70,0,0,13,22,24
general,U7C2YBD7D,1513344717.000147,70,0,0,13,22,24
general,U7G52NFN2,1513348099.000164,70,0,0,13,22,28
general,U7DET4PSP,1513356902.000376,70,0,0,13,22,36
general,U7CC9DP98,1513614666.000725,70,0,0,13,26,54
general,U7C2YBD7D,1513618654.000372,70,0,0,13,26,58
general,U7C2YBD7D,1513618704.000731,70,0,0,13,26,58
general,U7C2YBD7D,1513845150.000272,70,0,0,13,30,45
general,U7CC9DP98,1513845173.000386,70,0,0,13,30,45
general,U7C2YBD7D,1513845287.000252,70,0,0,13,30,45
general,U7C2YBD7D,1513845357.000027,70,0,0,13,30,45
general,U7C2YBD7D,1513845493.000119,70,0,0,13,30,45
general,U7C2YBD7D,1513845743.000161,70,0,0,13,30,45
general,U7BMUSDTJ,1513845968.000375,70,0,0,13,30,45
general,U7C2YBD7D,1513847040.000478,70,0,0,13,30,47
general,U7C2YBD7D,1513847127.000207,70,0,0,13,30,47
general,U7C2YBD7D,1513847170.000164,70,0,0,13,30,47
general,U7C2YBD7D,1513847220.000361,70,0,0,13,30,47
general,U7DET4PSP,1513848316.000071,70,0,0,13,30,48
general,U7C2YBD7D,1513848415.000128,70,0,0,13,30,48
general,U7C2YBD7D,1513848456.000252,70,0,0,13,30,48
general,U7CC9DP98,1513853366.000051,70,0,0,13,30,53
general,U7CC9DP98,1513853399.000166,70,0,0,13,30,53
general,U7DET4PSP,1513876214.000164,70,0,0,13,31,16
general,U7DET4PSP,1513876215.000234,70,0,0,13,31,16
general,U7C2YBD7D,1513880078.000083,70,0,0,13,31,20
general,U7C2YBD7D,1513880093.000280,70,0,0,13,31,20
general,null,1513880472.000580,70,0,0,13,31,20
general,U7G52NFN2,1513880631.000651,70,0,0,13,31,20
general,U7C2YBD7D,1513937321.000096,70,0,0,13,32,17
general,U7C2YBD7D,1513937450.000086,70,0,0,13,32,17
general,U7C2YBD7D,1513937468.000081,70,0,0,13,32,17
general,U7CC9DP98,1515397559.000039,70,0,0,13,56,37
general,U7G52NFN2,1515399543.000056,70,0,0,13,56,39
general,U7CC9DP98,1515399760.000002,70,0,0,13,56,39
general,U7PUGSSMR,1515512876.000291,70,0,0,13,58,32
general,U7C2YBD7D,1515513632.000688,70,0,0,13,58,33
general,U7C2YBD7D,1515670145.000010,70,0,0,14,1,10
general,U7C2YBD7D,1515670341.000075,70,0,0,14,1,10
general,U7DET4PSP,1515670530.000437,70,0,0,14,1,10
general,U7C2YBD7D,1515670581.000180,70,0,0,14,1,10
general,U7C2YBD7D,1515671199.000031,70,0,0,14,1,11
general,U7C2YBD7D,1515671612.000155,70,0,0,14,1,11
general,U7C2YBD7D,1515671615.000103,70,0,0,14,1,11
general,U7C2YBD7D,1515671644.000220,70,0,0,14,1,11
general,U7DET4PSP,1515672018.000041,70,0,0,14,1,12
general,U7BMUSDTJ,1515672957.000365,70,0,0,14,1,12
general,U7G52NFN2,1515697047.000170,70,0,0,14,1,37
general,U7G52NFN2,1515697048.000371,70,0,0,14,1,37
general,U7G52NFN2,1515702378.000350,70,0,0,14,1,42
general,U7C2YBD7D,1515706815.000459,70,0,0,14,1,46
general,U7C2YBD7D,1515706824.000492,70,0,0,14,1,46
general,U7C2YBD7D,1515706928.000487,70,0,0,14,1,46
general,U7G52NFN2,1515709349.000018,70,0,0,14,1,49
general,U7G52NFN2,1515709355.000070,70,0,0,14,1,49
general,U7C2YBD7D,1515761935.000247,70,0,0,14,2,41
general,U7C2YBD7D,1515761943.000373,70,0,0,14,2,41
general,U7DET4PSP,1515762055.000359,70,0,0,14,2,42
general,U7CC9DP98,1515763095.000449,70,0,0,14,2,43
general,U7G52NFN2,1515763167.000300,70,0,0,14,2,43
general,U7CC9DP98,1515763763.000511,70,0,0,14,2,43
general,U7CC9DP98,1515764166.000281,70,0,0,14,2,44
general,U7BS22HB3,1515957054.000015,70,0,0,14,5,57
general,U7C2YBD7D,1515958350.000082,70,0,0,14,5,58
general,null,1515959700.000086,70,0,0,14,5,59
general,U7BS22HB3,1515996979.000141,70,0,0,14,6,36
general,U7C2YBD7D,1516046277.000335,70,0,0,14,7,26
general,U7C2YBD7D,1516046284.000202,70,0,0,14,7,26
general,U7C2YBD7D,1516350561.000001,70,0,0,14,12,30
general,U7BMUSDTJ,1516351921.000460,70,0,0,14,12,31
general,U8XDG394P,1516611294.000033,70,0,0,14,16,51
general,U7C2YBD7D,1516641236.000072,70,0,0,14,17,21
general,U7C2YBD7D,1516641239.000681,70,0,0,14,17,21
general,U7C2YBD7D,1516641284.000456,70,0,0,14,17,21
general,U2WQ03HBJ,1516641340.000597,70,0,0,14,17,21
general,U7C2YBD7D,1516641674.000283,70,0,0,14,17,21
general,U7C2YBD7D,1516641686.000085,70,0,0,14,17,21
general,U7C2YBD7D,1516641716.000488,70,0,0,14,17,21
general,U7G52NFN2,1516641820.000834,70,0,0,14,17,21
general,U7C2YBD7D,1516819579.000136,70,0,0,14,20,19
general,U7C2YBD7D,1516819684.000118,70,0,0,14,20,19
general,U7C2YBD7D,1516819688.000070,70,0,0,14,20,19
general,U7C2YBD7D,1516819731.000333,70,0,0,14,20,19
general,U7C2YBD7D,1516819739.000521,70,0,0,14,20,19
general,U7BMUSDTJ,1516819753.000739,70,0,0,14,20,19
general,U7DET4PSP,1516819846.000510,70,0,0,14,20,19
general,U7DET4PSP,1516820270.000359,70,0,0,14,20,20
general,U7DET4PSP,1516820277.000864,70,0,0,14,20,20
general,U7DET4PSP,1516820306.000903,70,0,0,14,20,20
general,U7C2YBD7D,1516820375.000359,70,0,0,14,20,20
general,U7BMUSDTJ,1516821060.000326,70,0,0,14,20,21
general,U7BMUSDTJ,1516821131.000818,70,0,0,14,20,21
general,U7C2YBD7D,1516821201.000405,70,0,0,14,20,21
general,U7BMUSDTJ,1516821398.000036,70,0,0,14,20,21
general,U7DET4PSP,1516821404.000861,70,0,0,14,20,21
general,U7DET4PSP,1516821511.000426,70,0,0,14,20,21
general,U7DET4PSP,1516821530.000138,70,0,0,14,20,21
general,U7DET4PSP,1516821542.000129,70,0,0,14,20,21
general,U7BMUSDTJ,1516821595.000749,70,0,0,14,20,21
general,U7C2YBD7D,1516821692.000118,70,0,0,14,20,21
general,U7BMUSDTJ,1516821719.000683,70,0,0,14,20,21
general,U7DET4PSP,1516821763.000706,70,0,0,14,20,21
general,U7DET4PSP,1516821819.000041,70,0,0,14,20,21
general,U7DET4PSP,1516821841.000467,70,0,0,14,20,21
general,U7C2YBD7D,1516821986.000391,70,0,0,14,20,21
general,U7DET4PSP,1516821994.000032,70,0,0,14,20,21
general,U7BMUSDTJ,1516822020.000248,70,0,0,14,20,22
general,U7DET4PSP,1516822088.000176,70,0,0,14,20,22
general,U7DET4PSP,1516822132.000731,70,0,0,14,20,22
general,U7BMUSDTJ,1516822139.000105,70,0,0,14,20,22
general,U7DET4PSP,1516822166.000483,70,0,0,14,20,22
general,U7DET4PSP,1516822171.000096,70,0,0,14,20,22
general,U7DET4PSP,1516822445.000061,70,0,0,14,20,22
general,U7DET4PSP,1516822502.000919,70,0,0,14,20,22
general,U7G52NFN2,1516869497.000135,70,0,0,14,21,9
general,U7DET4PSP,1516882525.000021,70,0,0,14,21,22
general,U7C2YBD7D,1516892388.000258,70,0,0,14,21,32
general,U7DET4PSP,1516911111.000700,70,0,0,14,21,51
general,U7DET4PSP,1516911335.000506,70,0,0,14,21,51
general,U7DET4PSP,1516911412.000694,70,0,0,14,21,51
general,U7BMUSDTJ,1516911450.000245,70,0,0,14,21,51
general,U7BMUSDTJ,1516911531.000201,70,0,0,14,21,51
general,U7C2YBD7D,1516911920.000553,70,0,0,14,21,51
general,U7DET4PSP,1516913321.000343,70,0,0,14,21,53
general,U7C2YBD7D,1516952544.000090,70,0,0,14,22,32
general,U7C2YBD7D,1517257010.000009,70,0,0,14,27,37
general,U7DET4PSP,1517257303.000544,70,0,0,14,27,37
general,U7DET4PSP,1517257365.000500,70,0,0,14,27,37
general,U7DET4PSP,1517257488.000851,70,0,0,14,27,37
general,U7C2YBD7D,1517257834.000529,70,0,0,14,27,37
general,U7DET4PSP,1517257960.000509,70,0,0,14,27,37
general,U7BMUSDTJ,1517260445.000777,70,0,0,14,27,40
general,U7DET4PSP,1517260533.000008,70,0,0,14,27,40
general,U7DET4PSP,1517260574.000272,70,0,0,14,27,40
general,U7BMUSDTJ,1517260664.000403,70,0,0,14,27,40
general,U7DET4PSP,1517260681.000522,70,0,0,14,27,40
general,U90TZFQBV,1517333675.000955,70,0,0,14,28,53
general,U7DET4PSP,1517364176.000301,70,0,0,14,29,24
general,U7C2YBD7D,1517378619.000023,70,0,0,14,29,38
general,U7BMUSDTJ,1517379121.000243,70,0,0,14,29,39
general,U7PUGSSMR,1517383801.000181,70,0,0,14,29,43
general,U2WQ03HBJ,1517385102.000228,70,0,0,14,29,45
general,U7G52NFN2,1517385804.000203,70,0,0,14,29,45
general,U7G52NFN2,1517395964.000061,70,0,0,14,29,55
general,U7C2YBD7D,1517396246.000371,70,0,0,14,29,56
general,U7C2YBD7D,1517396251.000479,70,0,0,14,29,56
general,U7PUGSSMR,1517402894.000221,70,0,0,14,30,2
general,U7PUGSSMR,1517402908.000062,70,0,0,14,30,2
general,U7PUGSSMR,1517402921.000387,70,0,0,14,30,2
general,U7G52NFN2,1517403337.000134,70,0,0,14,30,3
general,U7DET4PSP,1517404415.000289,70,0,0,14,30,4
general,U2WQ03HBJ,1517412564.000104,70,0,0,14,30,12
general,U7C2YBD7D,1517413280.000053,70,0,0,14,30,13
general,U7G52NFN2,1517418001.000640,70,0,0,14,30,18
general,U7C2YBD7D,1517495864.000281,70,0,0,14,31,35
general,U7C2YBD7D,1517573398.000001,70,0,0,14,32,53
general,U7C2YBD7D,1517573400.000286,70,0,0,14,32,53
general,U7C2YBD7D,1517573438.000372,70,0,0,14,32,53
general,U7C2YBD7D,1517573445.000113,70,0,0,14,32,53
general,U7DET4PSP,1517573737.000408,70,0,0,14,32,53
general,U7G52NFN2,1517575294.000237,70,0,0,14,32,55
general,U7G52NFN2,1517750616.000079,70,0,0,14,35,50
general,U9439D7V2,1517853322.000338,70,0,0,14,37,33
general,U7C2YBD7D,1517859445.000215,70,0,0,14,37,39
general,U7C2YBD7D,1517859486.000145,70,0,0,14,37,39
general,U7C2YBD7D,1517859653.000516,70,0,0,14,37,39
general,U7DET4PSP,1517859661.000587,70,0,0,14,37,39
general,U7DET4PSP,1517859663.000713,70,0,0,14,37,39
general,U7DET4PSP,1517859677.000281,70,0,0,14,37,39
general,U7DET4PSP,1517859677.000577,70,0,0,14,37,39
general,U7BMUSDTJ,1517897290.000064,70,0,0,14,38,17
general,U7C2YBD7D,1518019637.000239,70,0,0,14,40,19
general,U7C2YBD7D,1518019640.000879,70,0,0,14,40,19
general,U7C2YBD7D,1518019667.000424,70,0,0,14,40,19
general,U7C2YBD7D,1518192699.000330,70,0,0,14,43,12
general,U7DET4PSP,1518602750.000471,70,0,0,14,50,2
general,U7DET4PSP,1518602923.000361,70,0,0,14,50,2
general,U7PUGSSMR,1518603023.000216,70,0,0,14,50,3
general,U7DET4PSP,1518603043.000105,70,0,0,14,50,3
general,U7PUGSSMR,1518603061.000331,70,0,0,14,50,3
general,U7DET4PSP,1518603129.000484,70,0,0,14,50,3
general,U7PUGSSMR,1518603402.000256,70,0,0,14,50,3
general,U7PUGSSMR,1518603486.000455,70,0,0,14,50,3
installation,U7G52NFN2,1517851722.000082,70,0,0,14,37,31
installation,U7BMUSDTJ,1517851743.000138,70,0,0,14,37,31
installation,U9439D7V2,1517857809.000670,70,0,0,14,37,37
installation,U9439D7V2,1517863526.000123,70,0,0,14,37,43
installation,U7G52NFN2,1517906961.000461,70,0,0,14,38,26
installation,U7BMUSDTJ,1517907738.000261,70,0,0,14,38,27
installation,U9439D7V2,1518002482.000041,70,0,0,14,40,2
installation,U9439D7V2,1518002486.000080,70,0,0,14,40,2
installation,U9439D7V2,1518002502.000362,70,0,0,14,40,2
installation,U9439D7V2,1518002511.000163,70,0,0,14,40,2
installation,U9439D7V2,1518002530.000235,70,0,0,14,40,2
installation,U7BMUSDTJ,1518008915.000387,70,0,0,14,40,8
installation,U9439D7V2,1518009490.000201,70,0,0,14,40,9
installation,U7BMUSDTJ,1518009607.000094,70,0,0,14,40,9
installation,U7G52NFN2,1518011309.000349,70,0,0,14,40,11
installation,U9439D7V2,1518011323.000221,70,0,0,14,40,11
installation,U9439D7V2,1518011359.000614,70,0,0,14,40,11
installation,U7G52NFN2,1518011380.000131,70,0,0,14,40,11
installation,U7G52NFN2,1518011403.000438,70,0,0,14,40,11
installation,U9439D7V2,1518011411.000566,70,0,0,14,40,11
installation,U7G52NFN2,1518011568.000145,70,0,0,14,40,11
installation,U9439D7V2,1518011921.000095,70,0,0,14,40,11
installation,U7G52NFN2,1518011946.000125,70,0,0,14,40,11
installation,U7G52NFN2,1518078306.000109,70,0,0,14,41,18
installation,U7G52NFN2,1518078309.000215,70,0,0,14,41,18
installation,U9439D7V2,1518125480.000375,70,0,0,14,42,5
installation,U9439D7V2,1518125568.000317,70,0,0,14,42,5
installation,U9439D7V2,1518125735.000244,70,0,0,14,42,5
installation,U9439D7V2,1518126164.000186,70,0,0,14,42,6
installation,U9439D7V2,1518126329.000313,70,0,0,14,42,6
int_info_cons,U2WQ03HBJ,1478249413.000002,70,0,0,3,37,29
int_info_cons,U2WQ03HBJ,1478249413.000003,70,0,0,3,37,29
int_info_cons,U2Y7A9163,1478249841.000004,70,0,0,3,37,29
int_info_cons,U2WT4FWU8,1478249841.000005,70,0,0,3,37,29
int_info_cons,U2XFGAC57,1478249841.000006,70,0,0,3,37,29
int_info_cons,U2Y7DH19U,1478249841.000007,70,0,0,3,37,29
int_info_cons,U2WQZKASV,1478249842.000008,70,0,0,3,37,29
int_info_cons,U2WQ03HBJ,1478250390.000009,70,0,0,3,37,30
int_info_cons,null,1478250390.000010,70,0,0,3,37,30
int_info_cons,U2WQ03HBJ,1478618666.000002,70,0,0,3,43,38
int_info_cons,U2WQ03HBJ,1478618724.000003,70,0,0,3,43,38
int_info_cons,U2WQ03HBJ,1478618784.000005,70,0,0,3,43,38
int_info_cons,U2WQ03HBJ,1478722959.000002,70,0,0,3,45,22
int_info_cons,U2WQ03HBJ,1478722973.000004,70,0,0,3,45,22
int_info_cons,U2WQ03HBJ,1478723032.000006,70,0,0,3,45,23
int_info_cons,U2WQ03HBJ,1478954990.680410,70,0,0,3,49,14
int_info_cons,U2WQ03HBJ,1479028065.000002,70,0,0,3,50,28
int_info_cons,U2WQ03HBJ,1479822150.000002,70,0,0,4,3,42
int_info_cons,U2WQ03HBJ,1481012994.000002,70,0,0,4,23,32
int_info_cons,U2WQ03HBJ,1482335979.000002,70,0,0,4,45,35
int_info_cons,U7DET4PSP,1507288631.000359,70,0,0,11,41,28
int_info_cons,U7DET4PSP,1507288676.000175,70,0,0,11,41,28
int_info_cons,U7BMUSDTJ,1507531175.000068,70,0,0,11,45,31
int_info_cons,U7G52NFN2,1507538553.000280,70,0,0,11,45,38
int_info_cons,U7PUGSSMR,1509294060.000061,70,0,0,12,14,54
pr_communication,U7DET4PSP,1512382268.000429,70,0,0,13,6,22
pr_communication,U7G52NFN2,1512382270.000366,70,0,0,13,6,22
pr_communication,U7C2YBD7D,1512382270.000380,70,0,0,13,6,22
pr_communication,U7PUGSSMR,1512382270.000398,70,0,0,13,6,22
pr_communication,U7BMUSDTJ,1512382270.000420,70,0,0,13,6,22
pr_communication,U2WQ03HBJ,1512382270.000431,70,0,0,13,6,22
pr_communication,U7BS22HB3,1512382270.000449,70,0,0,13,6,22
pr_communication,U7CC9DP98,1512382270.000472,70,0,0,13,6,22
pr_communication,U7DET4PSP,1512382337.000105,70,0,0,13,6,22
pr_communication,U7DET4PSP,1512382351.000211,70,0,0,13,6,22
pr_communication,U7DET4PSP,1512382363.000099,70,0,0,13,6,22
pr_communication,U7DET4PSP,1512383580.000152,70,0,0,13,6,23
pr_communication,U7DET4PSP,1512383581.000331,70,0,0,13,6,23
pr_communication,U7DET4PSP,1512383606.000222,70,0,0,13,6,23
pr_communication,U7DET4PSP,1512394445.000269,70,0,0,13,6,34
pr_communication,U7DET4PSP,1512394482.000224,70,0,0,13,6,34
pr_communication,U7C2YBD7D,1516047901.000235,70,0,0,14,7,27
pr_communication,U7C2YBD7D,1516047904.000325,70,0,0,14,7,27
pr_communication,U7C2YBD7D,1516047918.000272,70,0,0,14,7,27
pr_communication,U7DET4PSP,1516048669.000055,70,0,0,14,7,28
pr_communication,U7G52NFN2,1516049243.000430,70,0,0,14,7,29
pr_communication,U7C2YBD7D,1516452389.000027,70,0,0,14,14,12
pr_communication,U7C2YBD7D,1516452404.000061,70,0,0,14,14,12
pr_communication,U7C2YBD7D,1516452409.000032,70,0,0,14,14,12
pr_communication,U7C2YBD7D,1516452523.000098,70,0,0,14,14,12
pr_communication,U7CC9DP98,1516627324.000605,70,0,0,14,17,7
pr_communication,U7CC9DP98,1516627344.000378,70,0,0,14,17,7
pr_communication,U7DET4PSP,1516635859.000533,70,0,0,14,17,15
pr_communication,U7DET4PSP,1516641429.000590,70,0,0,14,17,21
pr_communication,U7DET4PSP,1516647717.000693,70,0,0,14,17,27
pr_communication,U7BMUSDTJ,1516648401.000112,70,0,0,14,17,28
pr_communication,U7C2YBD7D,1516648435.000013,70,0,0,14,17,28
pr_communication,U7C2YBD7D,1516648459.000108,70,0,0,14,17,28
pr_communication,U7BMUSDTJ,1516648473.000530,70,0,0,14,17,28
pr_communication,U7C2YBD7D,1516648476.000332,70,0,0,14,17,28
pr_communication,U7C2YBD7D,1516648477.000475,70,0,0,14,17,28
pr_communication,U7C2YBD7D,1516648498.000064,70,0,0,14,17,28
pr_communication,U7C2YBD7D,1516648500.000771,70,0,0,14,17,28
pr_communication,U7C2YBD7D,1516648522.000782,70,0,0,14,17,28
pr_communication,U7C2YBD7D,1516648558.000702,70,0,0,14,17,28
pr_communication,U7C2YBD7D,1516648561.000569,70,0,0,14,17,28
pr_communication,U7DET4PSP,1516648692.000594,70,0,0,14,17,28
pr_communication,U7DET4PSP,1516648701.000276,70,0,0,14,17,28
pr_communication,U7DET4PSP,1516649282.000565,70,0,0,14,17,29
pr_communication,U7DET4PSP,1516657840.000494,70,0,0,14,17,37
pr_communication,U7C2YBD7D,1516686046.000124,70,0,0,14,18,6
pr_communication,U7DET4PSP,1516688341.000239,70,0,0,14,18,8
pr_communication,U7C2YBD7D,1516688957.000309,70,0,0,14,18,8
pr_communication,U7CC9DP98,1516712041.000085,70,0,0,14,18,32
pr_communication,U7C2YBD7D,1516714721.000505,70,0,0,14,18,34
pr_communication,U7C2YBD7D,1516714722.000218,70,0,0,14,18,34
pr_communication,U7C2YBD7D,1516714761.000338,70,0,0,14,18,34
pr_communication,U7C2YBD7D,1516714764.000505,70,0,0,14,18,34
pr_communication,U7C2YBD7D,1516714850.000090,70,0,0,14,18,34
pr_communication,U7CC9DP98,1516715253.000442,70,0,0,14,18,35
pr_communication,U7CC9DP98,1516715364.000535,70,0,0,14,18,35
pr_communication,U7C2YBD7D,1516716087.000159,70,0,0,14,18,36
pr_communication,U7CC9DP98,1516716179.000632,70,0,0,14,18,36
pr_communication,U7CC9DP98,1516716313.000333,70,0,0,14,18,36
pr_communication,U7C2YBD7D,1516716655.000392,70,0,0,14,18,36
pr_communication,U7C2YBD7D,1516716693.000081,70,0,0,14,18,36
pr_communication,U7CC9DP98,1516718605.000697,70,0,0,14,18,38
pr_communication,U7C2YBD7D,1516718954.000497,70,0,0,14,18,38
pr_communication,U7C2YBD7D,1516728769.000660,70,0,0,14,18,48
pr_communication,U7CC9DP98,1516728841.000177,70,0,0,14,18,48
pr_communication,U7C2YBD7D,1516729067.000225,70,0,0,14,18,49
pr_communication,U7CC9DP98,1517296654.000200,70,0,0,14,28,16
pr_communication,U7G52NFN2,1517296704.000199,70,0,0,14,28,16
pr_communication,U7CC9DP98,1517297129.000032,70,0,0,14,28,17
pr_communication,U7C2YBD7D,1517377691.000047,70,0,0,14,29,37
pr_communication,U7C2YBD7D,1517377745.000112,70,0,0,14,29,37
pr_communication,U7DET4PSP,1517383520.000256,70,0,0,14,29,43
pr_communication,U7DET4PSP,1517388587.000348,70,0,0,14,29,48
pr_communication,U7DET4PSP,1517388647.000170,70,0,0,14,29,48
pr_communication,U7G52NFN2,1517390045.000075,70,0,0,14,29,50
pr_communication,U7CC9DP98,1517391520.000131,70,0,0,14,29,51
pr_communication,U7BS22HB3,1517393992.000190,70,0,0,14,29,53
pr_communication,U7C2YBD7D,1517396174.000023,70,0,0,14,29,56
pr_communication,U7C2YBD7D,1517396197.000253,70,0,0,14,29,56
pr_communication,U7CC9DP98,1517397408.000244,70,0,0,14,29,57
pr_communication,U7DET4PSP,1517397558.000277,70,0,0,14,29,57
pr_communication,U7DET4PSP,1517407300.000302,70,0,0,14,30,7
pr_communication,U7DET4PSP,1517407317.000085,70,0,0,14,30,7
pr_communication,U7CC9DP98,1517408765.000005,70,0,0,14,30,8
pr_communication,U7C2YBD7D,1517410110.000657,70,0,0,14,30,10
pr_communication,U7C2YBD7D,1517410132.000505,70,0,0,14,30,10
pr_communication,U7C2YBD7D,1517410197.000556,70,0,0,14,30,10
pr_communication,U7DET4PSP,1517429721.000347,70,0,0,14,30,29
pr_communication,U7BS22HB3,1517431145.000180,70,0,0,14,30,31
pr_communication,U7G52NFN2,1517431363.000008,70,0,0,14,30,31
pr_communication,U7DET4PSP,1517431462.000503,70,0,0,14,30,31
pr_communication,U7G52NFN2,1517432210.000944,70,0,0,14,30,32
pr_communication,U7DET4PSP,1517432770.000607,70,0,0,14,30,32
pr_communication,U7G52NFN2,1517476980.000140,70,0,0,14,31,16
pr_communication,U7DET4PSP,1517478278.000604,70,0,0,14,31,18
pr_communication,U7CC9DP98,1517488423.000366,70,0,0,14,31,28
pr_communication,U7CC9DP98,1517488689.000562,70,0,0,14,31,28
pr_communication,U7C2YBD7D,1517488795.000522,70,0,0,14,31,28
pr_communication,U7C2YBD7D,1517488801.000134,70,0,0,14,31,28
pr_communication,U7C2YBD7D,1517488827.000368,70,0,0,14,31,28
pr_communication,U7CC9DP98,1517489289.000272,70,0,0,14,31,29
pr_communication,U7C2YBD7D,1517491658.000057,70,0,0,14,31,31
pr_communication,U7PUGSSMR,1517491699.000207,70,0,0,14,31,31
pr_communication,U7C2YBD7D,1517491709.000469,70,0,0,14,31,31
pr_communication,U7G52NFN2,1517491865.000374,70,0,0,14,31,31
pr_communication,U7G52NFN2,1517491892.000256,70,0,0,14,31,31
pr_communication,U7CC9DP98,1517492600.000417,70,0,0,14,31,32
pr_communication,U7BS22HB3,1517492790.000221,70,0,0,14,31,32
pr_communication,U7C2YBD7D,1517493053.000340,70,0,0,14,31,33
pr_communication,U7BS22HB3,1517493581.000127,70,0,0,14,31,33
pr_communication,U7C2YBD7D,1517493661.000089,70,0,0,14,31,33
pr_communication,U7C2YBD7D,1517493733.000837,70,0,0,14,31,33
pr_communication,U7DET4PSP,1517494209.000323,70,0,0,14,31,34
pr_communication,U7PUGSSMR,1517494231.000441,70,0,0,14,31,34
pr_communication,U7CC9DP98,1517494373.000122,70,0,0,14,31,34
pr_communication,U7DET4PSP,1517494613.000315,70,0,0,14,31,34
pr_communication,U7C2YBD7D,1517494689.000674,70,0,0,14,31,34
pr_communication,U7C2YBD7D,1517494703.000343,70,0,0,14,31,34
pr_communication,U7DET4PSP,1517494747.000439,70,0,0,14,31,34
pr_communication,U7C2YBD7D,1517495646.000476,70,0,0,14,31,35
pr_communication,U7PUGSSMR,1517495810.000552,70,0,0,14,31,35
pr_communication,U7PUGSSMR,1517500532.000485,70,0,0,14,31,40
pr_communication,U7PUGSSMR,1517500606.000059,70,0,0,14,31,40
pr_communication,U7G52NFN2,1517507404.000812,70,0,0,14,31,47
pr_communication,U7G52NFN2,1517507464.000076,70,0,0,14,31,47
pr_communication,U7DET4PSP,1517507620.000154,70,0,0,14,31,47
pr_communication,U7G52NFN2,1517507771.000341,70,0,0,14,31,47
pr_communication,U7DET4PSP,1517507844.000064,70,0,0,14,31,47
pr_communication,U7DET4PSP,1517507874.000821,70,0,0,14,31,47
pr_communication,U7CC9DP98,1517508854.000156,70,0,0,14,31,48
pr_communication,U7DET4PSP,1517508959.000314,70,0,0,14,31,48
pr_communication,U7CC9DP98,1517509050.000417,70,0,0,14,31,49
pr_communication,U7DET4PSP,1517509115.000614,70,0,0,14,31,49
pr_communication,U7CC9DP98,1517514756.000159,70,0,0,14,31,54
pr_communication,U7DET4PSP,1517521043.000459,70,0,0,14,32,1
pr_communication,U7G52NFN2,1517521664.000192,70,0,0,14,32,1
pr_communication,U7CC9DP98,1517552915.000154,70,0,0,14,32,32
pr_communication,U7C2YBD7D,1517553429.000138,70,0,0,14,32,33
pr_communication,U7DET4PSP,1517560934.000255,70,0,0,14,32,40
pr_communication,U7G52NFN2,1517564241.000388,70,0,0,14,32,44
pr_communication,U7C2YBD7D,1517566592.000101,70,0,0,14,32,46
pr_communication,U7G52NFN2,1517566903.000003,70,0,0,14,32,46
pr_communication,U7C2YBD7D,1517567860.000468,70,0,0,14,32,47
pr_communication,U7C2YBD7D,1517567957.000095,70,0,0,14,32,47
pr_communication,U7C2YBD7D,1517567988.000277,70,0,0,14,32,47
pr_communication,U7G52NFN2,1517573438.000396,70,0,0,14,32,53
pr_communication,U7C2YBD7D,1517573487.000342,70,0,0,14,32,53
pr_communication,U7C2YBD7D,1517573554.000264,70,0,0,14,32,53
pr_communication,U7C2YBD7D,1517573569.000146,70,0,0,14,32,53
pr_communication,U7C2YBD7D,1517573574.000403,70,0,0,14,32,53
pr_communication,U7DET4PSP,1517573653.000389,70,0,0,14,32,53
pr_communication,U7DET4PSP,1517573656.000136,70,0,0,14,32,53
pr_communication,U7C2YBD7D,1517573989.000069,70,0,0,14,32,53
pr_communication,U7C2YBD7D,1517573995.000409,70,0,0,14,32,53
pr_communication,U7DET4PSP,1517574104.000153,70,0,0,14,32,54
pr_communication,U7PUGSSMR,1517582018.000430,70,0,0,14,33,2
pr_communication,U7DET4PSP,1517582797.000045,70,0,0,14,33,2
pr_communication,U7DET4PSP,1517582860.000636,70,0,0,14,33,2
pr_communication,U7DET4PSP,1517582870.000193,70,0,0,14,33,2
pr_communication,U7BS22HB3,1517648706.000084,70,0,0,14,34,8
pr_communication,U7C2YBD7D,1517653862.000068,70,0,0,14,34,13
pr_communication,U7C2YBD7D,1517653902.000025,70,0,0,14,34,13
pr_communication,U7C2YBD7D,1517653974.000048,70,0,0,14,34,13
pr_communication,U7DET4PSP,1517654208.000001,70,0,0,14,34,14
pr_communication,U7G52NFN2,1517657504.000065,70,0,0,14,34,17
pr_communication,U7PUGSSMR,1517677976.000038,70,0,0,14,34,37
pr_communication,U7DET4PSP,1517678137.000091,70,0,0,14,34,38
pr_communication,U7DET4PSP,1517678190.000060,70,0,0,14,34,38
pr_communication,U7BS22HB3,1517837950.000560,70,0,0,14,37,17
pr_communication,U7G52NFN2,1517839887.000516,70,0,0,14,37,19
pr_communication,U7PUGSSMR,1517840559.000429,70,0,0,14,37,20
pr_communication,U7G52NFN2,1517843913.000575,70,0,0,14,37,23
pr_communication,U7PUGSSMR,1517851516.000576,70,0,0,14,37,31
pr_communication,U7G52NFN2,1517851627.000140,70,0,0,14,37,31
pr_communication,U7PUGSSMR,1517851749.000485,70,0,0,14,37,31
pr_communication,U7PUGSSMR,1517851766.000208,70,0,0,14,37,31
pr_communication,U7DET4PSP,1517853507.000624,70,0,0,14,37,33
pr_communication,U7PUGSSMR,1517853680.000030,70,0,0,14,37,33
pr_communication,U7C2YBD7D,1517859236.000393,70,0,0,14,37,39
pr_communication,U7C2YBD7D,1517859248.000052,70,0,0,14,37,39
pr_communication,U7BS22HB3,1517859636.000393,70,0,0,14,37,39
pr_communication,U7C2YBD7D,1517859731.000370,70,0,0,14,37,39
pr_communication,U7DET4PSP,1517859828.000456,70,0,0,14,37,39
production,U7C2YBD7D,1513618627.000745,70,0,0,13,26,58
production,U7BS22HB3,1513618628.000371,70,0,0,13,26,58
production,U7CC9DP98,1513618628.000400,70,0,0,13,26,58
production,U2WQ03HBJ,1513618628.000434,70,0,0,13,26,58
production,U7C2YBD7D,1516864078.000045,70,0,0,14,21,4
production,U7CC9DP98,1516870254.000400,70,0,0,14,21,10
random,U2WQ03HBJ,1478168838.000002,70,0,0,3,36,8
random,U2WQZKASV,1478169095.000003,70,0,0,3,36,9
random,U2Y7A9163,1478169210.000004,70,0,0,3,36,9
random,U2Y7DH19U,1478170640.000005,70,0,0,3,36,10
random,U2WT4FWU8,1478180589.000006,70,0,0,3,36,20
random,U2XFGAC57,1478247699.000002,70,0,0,3,37,27
random,U2WT4FWU8,1478364179.000002,70,0,0,3,39,24
random,U2WQ03HBJ,1478956514.689616,70,0,0,3,49,16
random,U2Y7DH19U,1479210714.000002,70,0,0,3,53,30
random,U35MB0RS7,1479822864.000002,70,0,0,4,3,42
random,U35S0KGF7,1479823524.000003,70,0,0,4,3,43
random,U2WQ03HBJ,1485115830.000002,70,0,0,5,31,55
random,U2WQ03HBJ,1485115841.000004,70,0,0,5,31,55
random,U2WQ03HBJ,1485186611.000002,70,0,0,5,33,6
random,U7D1PDTKQ,1506970770.000544,70,0,0,11,36,10
random,U7C2YBD7D,1506971227.000140,70,0,0,11,36,11
random,U7BMUSDTJ,1507006599.000168,70,0,0,11,36,46
random,U7BS22HB3,1507009530.000072,70,0,0,11,36,49
random,U7CC9DP98,1507013030.000116,70,0,0,11,36,53
random,U7DET4PSP,1507151295.000496,70,0,0,11,39,11
random,U7G52NFN2,1507531283.000198,70,0,0,11,45,31
random,U7PUGSSMR,1508966906.000123,70,0,0,12,9,26
random,U8XDG394P,1516611294.000088,70,0,0,14,16,51
random,U90TZFQBV,1517333675.000892,70,0,0,14,28,53
random,U9439D7V2,1517853322.000354,70,0,0,14,37,33
showcase,U7C2YBD7D,1511717804.000034,70,0,0,12,55,17
showcase,U2WQ03HBJ,1511717804.000064,70,0,0,12,55,17
showcase,U7DET4PSP,1511717804.000072,70,0,0,12,55,17
showcase,U7G52NFN2,1511717804.000081,70,0,0,12,55,17
showcase,U7PUGSSMR,1511717804.000087,70,0,0,12,55,17
showcase,U7BMUSDTJ,1511717804.000094,70,0,0,12,55,17
showcase,U7CC9DP98,1511717804.000099,70,0,0,12,55,17
showcase,U7C2YBD7D,1511717804.000118,70,0,0,12,55,17
showcase,U7C2YBD7D,1511717860.000032,70,0,0,12,55,17
showcase,U7C2YBD7D,1511717884.000050,70,0,0,12,55,17
showcase,U2WQ03HBJ,1511722609.000056,70,0,0,12,55,22
showcase,U7C2YBD7D,1512923561.000075,70,0,0,13,15,23
showcase,U7C2YBD7D,1512923565.000027,70,0,0,13,15,23
showcase,U7C2YBD7D,1512923589.000064,70,0,0,13,15,23
showcase,U7BMUSDTJ,1512924172.000012,70,0,0,13,15,24
showcase,U7C2YBD7D,1512925804.000104,70,0,0,13,15,25
showcase,U7C2YBD7D,1512926014.000052,70,0,0,13,15,26
showcase,U7C2YBD7D,1512926019.000065,70,0,0,13,15,26
showcase,U7C2YBD7D,1512926279.000005,70,0,0,13,15,26
showcase,U2WQ03HBJ,1512926555.000049,70,0,0,13,15,26
showcase,U7C2YBD7D,1512926571.000081,70,0,0,13,15,26
showcase,U2WQ03HBJ,1512926600.000070,70,0,0,13,15,26
showcase,U2WQ03HBJ,1512926623.000027,70,0,0,13,15,26
showcase,U2WQ03HBJ,1512926653.000077,70,0,0,13,15,26
showcase,U2WQ03HBJ,1512926669.000028,70,0,0,13,15,26
showcase,U7C2YBD7D,1512926810.000077,70,0,0,13,15,26
showcase,U2WQ03HBJ,1512926836.000073,70,0,0,13,15,26
showcase,U2WQ03HBJ,1512926890.000001,70,0,0,13,15,26
showcase,U2WQ03HBJ,1512927166.000118,70,0,0,13,15,27
showcase,U7C2YBD7D,1512927564.000035,70,0,0,13,15,27
showcase,U2WQ03HBJ,1512927712.000024,70,0,0,13,15,27
showcase,U7C2YBD7D,1512930519.000056,70,0,0,13,15,30
showcase,U7C2YBD7D,1512930549.000096,70,0,0,13,15,30
showcase,U7C2YBD7D,1512931035.000009,70,0,0,13,15,31
showcase,U7C2YBD7D,1512931077.000069,70,0,0,13,15,31
showcase,U7C2YBD7D,1512931109.000065,70,0,0,13,15,31
showcase,U2WQ03HBJ,1512931859.000053,70,0,0,13,15,31
showcase,U7C2YBD7D,1512937516.000017,70,0,0,13,15,37
showcase,U7C2YBD7D,1512937612.000065,70,0,0,13,15,37
showcase,U7C2YBD7D,1512937640.000074,70,0,0,13,15,37
showcase,U7C2YBD7D,1512937643.000102,70,0,0,13,15,37
showcase,U7BMUSDTJ,1512938329.000008,70,0,0,13,15,38
showcase,U7BMUSDTJ,1512939940.000045,70,0,0,13,15,39
showcase,U7BMUSDTJ,1513000806.000246,70,0,0,13,16,40
showcase,U7C2YBD7D,1513012347.000061,70,0,0,13,16,52
showcase,U7C2YBD7D,1513012358.000266,70,0,0,13,16,52
showcase,U7C2YBD7D,1513012372.000066,70,0,0,13,16,52
showcase,U7C2YBD7D,1513013033.000268,70,0,0,13,16,53
showcase,U7C2YBD7D,1513013034.000137,70,0,0,13,16,53
showcase,U7C2YBD7D,1513024780.000423,70,0,0,13,17,4
showcase,U7C2YBD7D,1513024802.000088,70,0,0,13,17,4
showcase,U7BMUSDTJ,1513024841.000361,70,0,0,13,17,4
showcase,U7C2YBD7D,1513024905.000401,70,0,0,13,17,4
showcase,U7C2YBD7D,1513024908.000617,70,0,0,13,17,4
showcase,U7C2YBD7D,1513024928.000359,70,0,0,13,17,4
showcase,U7BMUSDTJ,1513024972.000018,70,0,0,13,17,4
showcase,U7C2YBD7D,1513025018.000498,70,0,0,13,17,5
showcase,U7C2YBD7D,1513025022.000080,70,0,0,13,17,5
showcase,U7C2YBD7D,1513025036.000643,70,0,0,13,17,5
showcase,U7BMUSDTJ,1513025079.000475,70,0,0,13,17,5
showcase,U7BS22HB3,1513025902.000134,70,0,0,13,17,5
showcase,U7C2YBD7D,1513026023.000514,70,0,0,13,17,6
showcase,U7C2YBD7D,1513026092.000113,70,0,0,13,17,6
showcase,U7DET4PSP,1513080404.000144,70,0,0,13,18,0
showcase,U7G52NFN2,1513081057.000226,70,0,0,13,18,1
showcase,U7DET4PSP,1513089762.000025,70,0,0,13,18,9
showcase,U7C2YBD7D,1513105887.000084,70,0,0,13,18,25
showcase,U7C2YBD7D,1513159535.000335,70,0,0,13,19,19
showcase,U7C2YBD7D,1513159812.000276,70,0,0,13,19,19
showcase,U7DET4PSP,1513162078.000062,70,0,0,13,19,22
showcase,U7DET4PSP,1513162088.000500,70,0,0,13,19,22
showcase,U7BMUSDTJ,1513359085.000457,70,0,0,13,22,39
showcase,U7C2YBD7D,1513413816.000067,70,0,0,13,23,33
showcase,U7C2YBD7D,1513414289.000005,70,0,0,13,23,34
showcase,U7DET4PSP,1513433639.000034,70,0,0,13,23,53
showcase,U7DET4PSP,1513433867.000006,70,0,0,13,23,53
showcase,U7G52NFN2,1513438396.000096,70,0,0,13,23,58
showcase,U7BMUSDTJ,1513441436.000140,70,0,0,13,24,1
showcase,U7DET4PSP,1513764997.000103,70,0,0,13,29,24
showcase,U7DET4PSP,1513765025.000246,70,0,0,13,29,25
showcase,U7C2YBD7D,1513845963.000114,70,0,0,13,30,45
showcase,U7DET4PSP,1513848126.000351,70,0,0,13,30,48
showcase,U7C2YBD7D,1517377536.000057,70,0,0,14,29,37
showcase,U7BMUSDTJ,1517378627.000077,70,0,0,14,29,38
showcase,U7C2YBD7D,1517378694.000289,70,0,0,14,29,38
showcase,U7BMUSDTJ,1517378701.000094,70,0,0,14,29,38
showcase,U7C2YBD7D,1517378736.000127,70,0,0,14,29,38
showcase,U7BMUSDTJ,1517378957.000234,70,0,0,14,29,38
showcase,U7G52NFN2,1517387976.000225,70,0,0,14,29,47
showcase,U7C2YBD7D,1517388393.000266,70,0,0,14,29,48
showcase,U7BMUSDTJ,1517392028.000473,70,0,0,14,29,52
showcase,U7G52NFN2,1517392217.000588,70,0,0,14,29,52
social-media,U7G52NFN2,1516188092.000320,70,0,0,14,9,48
social-media,U7G52NFN2,1516188099.000035,70,0,0,14,9,48
social-media,U7G52NFN2,1516189040.000465,70,0,0,14,9,49
social-media,U7G52NFN2,1516189044.000088,70,0,0,14,9,49
social-media,U7DET4PSP,1516189248.000227,70,0,0,14,9,49
social-media,U7G52NFN2,1516189284.000016,70,0,0,14,9,49
social-media,U7G52NFN2,1516189293.000272,70,0,0,14,9,49
social-media,U7DET4PSP,1516189299.000389,70,0,0,14,9,49
social-media,U7G52NFN2,1516189320.000045,70,0,0,14,9,49
social-media,U7DET4PSP,1516189412.000056,70,0,0,14,9,49
social-media,U7G52NFN2,1516190614.000267,70,0,0,14,9,50
social-media,U7DET4PSP,1516197728.000219,70,0,0,14,9,57
social-media,U7G52NFN2,1516199657.000043,70,0,0,14,9,59
social-media,U7G52NFN2,1516201212.001174,70,0,0,14,10,1
social-media,U7DET4PSP,1516202216.000446,70,0,0,14,10,2
social-media,U7G52NFN2,1516202912.000113,70,0,0,14,10,2
social-media,U7DET4PSP,1516209334.000100,70,0,0,14,10,9
vk18wish,U2WQ03HBJ,1507538633.000105,70,0,0,11,45,38
vk18wish,U7G52NFN2,1507538658.000140,70,0,0,11,45,38
vk18wish,U7G52NFN2,1507538777.000084,70,0,0,11,45,38
vk18wish,U7C2YBD7D,1507609861.000086,70,0,0,11,46,49
vk18wish,U7C2YBD7D,1507614595.000066,70,0,0,11,46,54
vk18wish,U7C2YBD7D,1507614629.000114,70,0,0,11,46,54
vk18wish,U7C2YBD7D,1507614652.000020,70,0,0,11,46,54
vk18wish,U7C2YBD7D,1507614726.000006,70,0,0,11,46,54
vk18wish,U7C2YBD7D,1507614762.000104,70,0,0,11,46,54
vk18wish,U7C2YBD7D,1507614788.000081,70,0,0,11,46,54
vk18wish,U7C2YBD7D,1507614816.000027,70,0,0,11,46,54
vk18wish,U7C2YBD7D,1507614864.000010,70,0,0,11,46,54
vk18wish,U7C2YBD7D,1507614874.000018,70,0,0,11,46,54
vk18wish,U7C2YBD7D,1507614994.000006,70,0,0,11,46,54
vk18wish,U7C2YBD7D,1507615025.000055,70,0,0,11,46,55
vk18wish,U7C2YBD7D,1507615033.000021,70,0,0,11,46,55
vk18wish,U7G52NFN2,1507651535.000722,70,0,0,11,47,31
vk18wish,U7PUGSSMR,1509294102.000017,70,0,0,12,14,54
vk18wish,U7C2YBD7D,1510331776.000430,70,0,0,12,32,11
vk18wish,U7C2YBD7D,1510331813.000203,70,0,0,12,32,11
vk18wish,U7C2YBD7D,1510331844.000044,70,0,0,12,32,11
vk18wish,U2WQ03HBJ,1510341224.000035,70,0,0,12,32,21
vk18wish,U7G52NFN2,1510560241.000200,70,0,0,12,36,0
vk18wish,U2WQ03HBJ,1510563526.000268,70,0,0,12,36,3
vk18wish,U2WQ03HBJ,1510563709.000071,70,0,0,12,36,3
vk18wish,U7C2YBD7D,1510897998.000073,70,0,0,12,41,37
vk18wish,U7C2YBD7D,1511442898.000020,70,0,0,12,50,42
vk18wish,U7C2YBD7D,1511442901.000036,70,0,0,12,50,42
vk18wish,U7C2YBD7D,1511443064.000143,70,0,0,12,50,43
vk18wish,U7DET4PSP,1511482481.000062,70,0,0,12,51,22
vk18wish,U7DET4PSP,1511482800.000078,70,0,0,12,51,22
vk18wish,U7DET4PSP,1511482834.000067,70,0,0,12,51,22
vk18wish,U7DET4PSP,1511482949.000117,70,0,0,12,51,22
vk18wish,U2WQ03HBJ,1511539287.000025,70,0,0,12,52,19
vk18wish,U2WQ03HBJ,1511539371.000107,70,0,0,12,52,19
vk18wish,U2WQ03HBJ,1511539549.000111,70,0,0,12,52,19
vk18wish,U7C2YBD7D,1511714900.000047,70,0,0,12,55,14
vk18wish,U7C2YBD7D,1511714981.000071,70,0,0,12,55,14
vk18wish,U7G52NFN2,1511715902.000194,70,0,0,12,55,15
vk18wish,U7C2YBD7D,1511716194.000016,70,0,0,12,55,16
vk18wish,U7DET4PSP,1511718396.000085,70,0,0,12,55,18
vk18wish,U2WQ03HBJ,1511720321.000090,70,0,0,12,55,20
vk18wish,U2WQ03HBJ,1511720347.000074,70,0,0,12,55,20
vk18wish,U2WQ03HBJ,1511720371.000095,70,0,0,12,55,20
vk18wish,U2WQ03HBJ,1511720680.000068,70,0,0,12,55,20
vk18wish,U2WQ03HBJ,1511720798.000109,70,0,0,12,55,20
vk18wish,U7DET4PSP,1511720808.000032,70,0,0,12,55,20
vk18wish,U2WQ03HBJ,1511720816.000058,70,0,0,12,55,20
vk18wish,U2WQ03HBJ,1511720870.000002,70,0,0,12,55,20
vk18wish,U7DET4PSP,1511721165.000006,70,0,0,12,55,21
vk18wish,U7C2YBD7D,1511854328.000007,70,0,0,12,57,34
vk18wish,U35S0KGF7,1511854346.000012,70,0,0,12,57,34
vk18wish,U35MB0RS7,1511854346.000027,70,0,0,12,57,34
vk18wish,U7C2YBD7D,1512724957.000191,70,0,0,13,12,4
vk18wish,U7C2YBD7D,1512724960.000285,70,0,0,13,12,4
vk18wish,U7C2YBD7D,1512724980.000204,70,0,0,13,12,4
website,U7C2YBD7D,1516977527.000281,70,0,0,14,22,57
website,U7PUGSSMR,1516977527.000715,70,0,0,14,22,57
website,U7PUGSSMR,1516978034.000424,70,0,0,14,22,58
website,U7PUGSSMR,1517067381.000013,70,0,0,14,24,27
website,U90TZFQBV,1517334120.000742,70,0,0,14,28,54
website,U7C2YBD7D,1517349131.000189,70,0,0,14,29,9
website,U7C2YBD7D,1517349133.000197,70,0,0,14,29,9
website,U90TZFQBV,1517439159.000108,70,0,0,14,30,39
website,U90TZFQBV,1517439284.000207,70,0,0,14,30,39
website,U7PUGSSMR,1517471485.000229,70,0,0,14,31,11
website,U90TZFQBV,1517484765.000436,70,0,0,14,31,24
website,U7PUGSSMR,1517488128.000322,70,0,0,14,31,28
website,U7PUGSSMR,1517488134.000421,70,0,0,14,31,28
website,U7C2YBD7D,1517496381.000469,70,0,0,14,31,36
website,U7C2YBD7D,1517573184.000354,70,0,0,14,32,53
website,U90TZFQBV,1517574808.000129,70,0,0,14,32,54
website,U7C2YBD7D,1517575017.000170,70,0,0,14,32,55
website,U90TZFQBV,1517575159.000046,70,0,0,14,32,55
website,U7C2YBD7D,1517576620.000017,70,0,0,14,32,56
website,U7PUGSSMR,1517823578.000258,70,0,0,14,37,3
website,U7PUGSSMR,1517823590.000427,70,0,0,14,37,3
website,U7PUGSSMR,1517823615.000497,70,0,0,14,37,3
website,U7PUGSSMR,1517832123.000006,70,0,0,14,37,12
website,U90TZFQBV,1517842615.000120,70,0,0,14,37,22
website,U90TZFQBV,1517842634.000080,70,0,0,14,37,22
website,U7PUGSSMR,1517919487.000239,70,0,0,14,38,39
website,U90TZFQBV,1517934232.000704,70,0,0,14,38,54
website,U7PUGSSMR,1517942527.000079,70,0,0,14,39,2
website,U7C2YBD7D,1518038474.000582,70,0,0,14,40,38
website,U7C2YBD7D,1518038578.000581,70,0,0,14,40,38
website,U7C2YBD7D,1518038580.000508,70,0,0,14,40,38
website,U7C2YBD7D,1518038589.000119,70,0,0,14,40,38
website,U7C2YBD7D,1518038655.000490,70,0,0,14,40,38
website,U7C2YBD7D,1518038703.000679,70,0,0,14,40,38
website,U7PUGSSMR,1518040465.000513,70,0,0,14,40,40
website,U7C2YBD7D,1518073993.000162,70,0,0,14,41,13
website,U7C2YBD7D,1518074003.000151,70,0,0,14,41,14
website,U7C2YBD7D,1518074177.000256,70,0,0,14,41,14
website,U7C2YBD7D,1518074242.000127,70,0,0,14,41,14
website,U90TZFQBV,1518099297.000565,70,0,0,14,41,39
